TimeSinceStart_s,Temperature,Humidity,Latitude,Longitude,Altitude,TimeUTC,PM1_0,PM2_5,PM4_0,PM10_0,ref_Temperature,ref_Humidity,ref_PM1_0,ref_PM2_5,ref_PM4_0,ref_PM10_0,diff_Temperature,diff_Humidity,diff_PM1_0,diff_PM2_5,diff_PM4_0,diff_PM10_0
280,27.27,42.62,47.39217,8.532022,480.3,8554000.0,6.73,7.11,7.11,7.11,16.29,57.81,-9999.0,9.72,-9999.0,13.23,10.98,-15.19,-9999.0,-2.61,-9999.0,-6.12
285,28.17,40.17,47.392151,8.53203,496.0,8554500.0,5.97,6.31,6.31,6.31,16.29,57.81,-9999.0,9.72,-9999.0,13.23,11.88,-17.64,-9999.0,-3.41,-9999.0,-6.92
290,28.87,38.24,47.392155,8.532021,496.7,8555000.0,5.24,5.54,5.54,5.54,16.29,57.81,-9999.0,9.72,-9999.0,13.23,12.58,-19.57,-9999.0,-4.18,-9999.0,-7.69
295,29.66,36.8,47.392159,8.532025,491.1,8555500.0,4.89,5.17,5.17,5.17,16.29,57.81,-9999.0,9.72,-9999.0,13.23,13.37,-21.01,-9999.0,-4.55,-9999.0,-8.06
300,30.39,35.47,47.392166,8.532027,486.5,8560000.0,4.81,5.08,5.08,5.08,16.29,57.81,-9999.0,9.72,-9999.0,13.23,14.1,-22.34,-9999.0,-4.64,-9999.0,-8.15
305,31.05,34.44,47.392159,8.53203,486.3,8560500.0,4.94,5.22,5.22,5.22,16.29,57.81,-9999.0,9.72,-9999.0,13.23,14.76,-23.37,-9999.0,-4.5,-9999.0,-8.01
310,31.79,33.31,47.392155,8.53203,484.3,8561000.0,4.92,5.2,5.2,5.2,16.29,57.81,-9999.0,9.72,-9999.0,13.23,15.5,-24.5,-9999.0,-4.52,-9999.0,-8.03
315,32.31,32.1,47.392147,8.532036,482.3,8561500.0,5.07,5.36,5.36,5.36,16.29,57.81,-9999.0,9.72,-9999.0,13.23,16.02,-25.71,-9999.0,-4.36,-9999.0,-7.87
320,32.79,31.39,47.392151,8.532033,478.6,8562000.0,5.07,5.37,5.37,5.37,16.29,57.81,-9999.0,9.72,-9999.0,13.23,16.5,-26.42,-9999.0,-4.35,-9999.0,-7.86
325,33.29,30.87,47.392166,8.532022,471.9,8562500.0,4.88,5.16,5.16,5.16,16.29,57.81,-9999.0,9.72,-9999.0,13.23,17.0,-26.94,-9999.0,-4.56,-9999.0,-8.07
330,33.82,30.16,47.392174,8.532025,466.7,8563000.0,4.79,5.06,5.06,5.06,16.29,57.81,-9999.0,9.72,-9999.0,13.23,17.53,-27.65,-9999.0,-4.66,-9999.0,-8.17
335,34.26,29.36,47.392181,8.532026,463.4,8563500.0,4.7,4.97,4.97,4.97,16.29,57.81,-9999.0,9.72,-9999.0,13.23,17.97,-28.45,-9999.0,-4.75,-9999.0,-8.26
340,34.55,28.75,47.392178,8.532025,462.9,8564000.0,4.76,5.03,5.03,5.03,16.29,57.81,-9999.0,9.72,-9999.0,13.23,18.26,-29.06,-9999.0,-4.69,-9999.0,-8.2
345,34.91,28.64,47.39217,8.532028,463.1,8564500.0,4.84,5.11,5.11,5.11,16.29,57.81,-9999.0,9.72,-9999.0,13.23,18.62,-29.17,-9999.0,-4.61,-9999.0,-8.12
350,35.29,28.22,47.392174,8.53202,461.8,8565000.0,4.76,5.03,5.03,5.03,16.29,57.81,-9999.0,9.72,-9999.0,13.23,19.0,-29.59,-9999.0,-4.69,-9999.0,-8.2
355,35.7,27.72,47.392166,8.532022,463.5,8565500.0,4.64,4.9,4.9,4.9,16.29,57.81,-9999.0,9.72,-9999.0,13.23,19.41,-30.09,-9999.0,-4.82,-9999.0,-8.33
360,36.09,27.31,47.392166,8.532022,465.3,8565900.0,4.44,4.7,4.7,4.7,16.29,57.81,-9999.0,9.72,-9999.0,13.23,19.8,-30.5,-9999.0,-5.02,-9999.0,-8.53
365,36.48,26.71,47.392155,8.532028,467.6,8570400.0,4.2,4.44,4.44,4.44,16.29,57.81,-9999.0,9.72,-9999.0,13.23,20.19,-31.1,-9999.0,-5.28,-9999.0,-8.79
370,36.78,26.21,47.392166,8.532019,468.8,8570900.0,4.2,4.45,4.45,4.45,16.29,57.81,-9999.0,9.72,-9999.0,13.23,20.49,-31.6,-9999.0,-5.27,-9999.0,-8.78
375,37.07,25.99,47.392166,8.532013,468.3,8571400.0,4.08,4.32,4.32,4.32,16.29,57.81,-9999.0,9.72,-9999.0,13.23,20.78,-31.82,-9999.0,-5.4,-9999.0,-8.91
380,37.25,25.79,47.392181,8.532005,468.8,8571900.0,4.09,4.32,4.32,4.32,16.29,57.81,-9999.0,9.72,-9999.0,13.23,20.96,-32.02,-9999.0,-5.4,-9999.0,-8.91
385,37.57,25.4,47.392185,8.531998,467.5,8572400.0,4.17,4.41,4.41,4.41,16.29,57.81,-9999.0,9.72,-9999.0,13.23,21.28,-32.41,-9999.0,-5.31,-9999.0,-8.82
390,37.8,25.09,47.392197,8.531992,465.0,8572900.0,4.27,4.51,4.51,4.51,16.29,57.81,-9999.0,9.72,-9999.0,13.23,21.51,-32.72,-9999.0,-5.21,-9999.0,-8.72
395,37.99,24.79,47.392216,8.531976,462.2,8573400.0,4.45,4.71,4.71,4.71,16.29,57.81,-9999.0,9.72,-9999.0,13.23,21.7,-33.02,-9999.0,-5.01,-9999.0,-8.52
400,38.29,24.58,47.392235,8.531963,459.6,8573900.0,4.57,4.84,4.84,4.84,16.29,57.81,-9999.0,9.72,-9999.0,13.23,22.0,-33.23,-9999.0,-4.88,-9999.0,-8.39
405,38.23,24.68,47.392246,8.531962,456.6,8574400.0,4.52,4.78,4.78,4.78,16.29,57.81,-9999.0,9.72,-9999.0,13.23,21.94,-33.13,-9999.0,-4.94,-9999.0,-8.45
410,38.44,24.57,47.392254,8.531959,454.3,8574900.0,4.53,4.79,4.79,4.79,16.29,57.81,-9999.0,9.72,-9999.0,13.23,22.15,-33.24,-9999.0,-4.93,-9999.0,-8.44
415,38.57,24.27,47.392223,8.531986,455.7,8575400.0,4.74,5.01,5.01,5.01,16.29,57.81,-9999.0,9.72,-9999.0,13.23,22.28,-33.54,-9999.0,-4.71,-9999.0,-8.22
420,37.91,25.56,47.392147,8.532017,454.4,8575900.0,20.27,21.43,21.43,21.43,16.29,57.81,-9999.0,9.72,-9999.0,13.23,21.62,-32.25,-9999.0,11.71,-9999.0,8.2
425,37.5,26.27,47.392136,8.532011,449.2,8580400.0,4.21,4.45,4.45,4.45,16.29,57.81,-9999.0,9.72,-9999.0,13.23,21.21,-31.54,-9999.0,-5.27,-9999.0,-8.78
430,37.31,26.07,47.392151,8.532002,441.6,8580900.0,5.56,5.88,5.88,5.88,16.29,57.81,-9999.0,9.72,-9999.0,13.23,21.02,-31.74,-9999.0,-3.84,-9999.0,-7.35
435,37.2,26.67,47.392166,8.531981,439.0,8581400.0,5.39,5.7,5.7,5.7,16.29,57.81,-9999.0,9.72,-9999.0,13.23,20.91,-31.14,-9999.0,-4.02,-9999.0,-7.53
440,37.2,30.35,47.392197,8.53197,437.3,8581900.0,5.12,5.41,5.41,5.41,16.29,57.81,-9999.0,9.72,-9999.0,13.23,20.91,-27.46,-9999.0,-4.31,-9999.0,-7.82
445,37.89,30.31,47.392162,8.532014,439.4,8582400.0,4.7,4.97,4.97,4.97,16.29,57.81,-9999.0,9.72,-9999.0,13.23,21.6,-27.5,-9999.0,-4.75,-9999.0,-8.26
450,38.45,27.76,47.392162,8.532025,442.9,8582900.0,4.34,4.59,4.59,4.59,16.29,57.81,-9999.0,9.72,-9999.0,13.23,22.16,-30.05,-9999.0,-5.13,-9999.0,-8.64
455,39.01,26.48,47.392147,8.532032,444.3,8583400.0,3.85,4.07,4.07,4.07,16.29,57.81,-9999.0,9.72,-9999.0,13.23,22.72,-31.33,-9999.0,-5.65,-9999.0,-9.16
460,39.54,25.87,47.392139,8.53204,443.9,8583900.0,3.6,3.81,3.81,3.81,16.29,57.81,-9999.0,9.72,-9999.0,13.23,23.25,-31.94,-9999.0,-5.91,-9999.0,-9.42
465,40.05,25.46,47.392143,8.532052,442.3,8584400.0,3.73,3.94,3.94,3.94,16.29,57.81,-9999.0,9.72,-9999.0,13.23,23.76,-32.35,-9999.0,-5.78,-9999.0,-9.29
470,40.58,25.05,47.392151,8.532066,440.5,8584900.0,3.82,4.04,4.04,4.04,16.29,57.81,-9999.0,9.72,-9999.0,13.23,24.29,-32.76,-9999.0,-5.68,-9999.0,-9.19
475,40.99,24.45,47.39217,8.532111,440.3,8585400.0,3.77,3.98,3.98,3.98,16.29,57.81,-9999.0,9.72,-9999.0,13.23,24.7,-33.36,-9999.0,-5.74,-9999.0,-9.25
480,41.43,23.75,47.392174,8.53213,441.9,8585900.0,3.82,4.04,4.04,4.04,16.29,57.81,-9999.0,9.72,-9999.0,13.23,25.14,-34.06,-9999.0,-5.68,-9999.0,-9.19
485,41.82,23.16,47.392178,8.532152,442.6,8590400.0,3.7,3.91,3.91,3.91,16.29,57.81,-9999.0,9.72,-9999.0,13.23,25.53,-34.65,-9999.0,-5.81,-9999.0,-9.32
490,42.13,22.29,47.392181,8.532154,441.8,8590900.0,3.61,3.82,3.82,3.82,16.29,57.81,-9999.0,9.72,-9999.0,13.23,25.84,-35.52,-9999.0,-5.9,-9999.0,-9.41
495,42.35,22.28,47.392174,8.532152,439.9,8591400.0,3.58,3.78,3.78,3.78,16.29,57.81,-9999.0,9.72,-9999.0,13.23,26.06,-35.53,-9999.0,-5.94,-9999.0,-9.45
500,42.65,22.17,47.392189,8.532139,437.7,8591900.0,3.47,3.67,3.67,3.67,16.29,57.81,-9999.0,9.72,-9999.0,13.23,26.36,-35.64,-9999.0,-6.05,-9999.0,-9.56
505,42.94,22.05,47.392178,8.53216,435.9,8592400.0,3.27,3.46,3.46,3.46,16.29,57.81,-9999.0,9.72,-9999.0,13.23,26.65,-35.76,-9999.0,-6.26,-9999.0,-9.77
510,43.26,22.04,47.392193,8.532209,433.2,8592900.0,3.23,3.42,3.42,3.42,16.29,57.81,-9999.0,9.72,-9999.0,13.23,26.97,-35.77,-9999.0,-6.3,-9999.0,-9.81
515,43.52,21.74,47.392185,8.532198,429.2,8593400.0,3.38,3.58,3.58,3.58,16.29,57.81,-9999.0,9.72,-9999.0,13.23,27.23,-36.07,-9999.0,-6.14,-9999.0,-9.65
520,43.79,21.73,47.392189,8.532213,430.1,8593900.0,3.65,3.86,3.86,3.86,16.29,57.81,-9999.0,9.72,-9999.0,13.23,27.5,-36.08,-9999.0,-5.86,-9999.0,-9.37
525,44.08,21.15,47.392178,8.532199,432.9,8594400.0,4.0,4.23,4.23,4.23,16.29,57.81,-9999.0,9.72,-9999.0,13.23,27.79,-36.66,-9999.0,-5.49,-9999.0,-9.0
530,44.36,21.23,47.392174,8.532201,435.4,8594900.0,4.2,4.44,4.44,4.44,16.29,57.81,-9999.0,9.72,-9999.0,13.23,28.07,-36.58,-9999.0,-5.28,-9999.0,-8.79
535,44.58,20.84,47.392155,8.532201,435.9,8595400.0,4.39,4.64,4.64,4.64,16.29,57.81,-9999.0,9.72,-9999.0,13.23,28.29,-36.97,-9999.0,-5.08,-9999.0,-8.59
540,44.51,20.66,47.392139,8.532187,434.0,8595900.0,4.21,4.45,4.45,4.45,16.29,57.81,-9999.0,9.72,-9999.0,13.23,28.22,-37.15,-9999.0,-5.27,-9999.0,-8.78
545,43.94,20.68,47.392124,8.532203,433.2,9000400.0,3.99,4.22,4.22,4.22,16.29,57.81,-9999.0,9.72,-9999.0,13.23,27.65,-37.13,-9999.0,-5.5,-9999.0,-9.01
550,43.32,20.32,47.392155,8.532192,431.8,9000900.0,4.09,4.32,4.32,4.32,16.29,57.81,-9999.0,9.72,-9999.0,13.23,27.03,-37.49,-9999.0,-5.4,-9999.0,-8.91
555,42.87,20.91,47.392151,8.532173,431.0,9001400.0,4.8,5.07,5.07,5.07,16.29,57.81,-9999.0,9.72,-9999.0,13.23,26.58,-36.9,-9999.0,-4.65,-9999.0,-8.16
560,42.28,21.99,47.392174,8.532134,424.6,9001900.0,5.15,5.44,5.44,5.44,16.29,57.81,-9999.0,9.72,-9999.0,13.23,25.99,-35.82,-9999.0,-4.28,-9999.0,-7.79
565,41.74,22.49,47.392193,8.532151,418.3,9002400.0,4.9,5.18,5.18,5.18,16.29,57.81,-9999.0,9.72,-9999.0,13.23,25.45,-35.32,-9999.0,-4.54,-9999.0,-8.05
570,41.58,23.18,47.3922,8.532133,416.0,9002900.0,4.62,4.89,4.89,4.89,16.29,57.81,-9999.0,9.72,-9999.0,13.23,25.29,-34.63,-9999.0,-4.83,-9999.0,-8.34
575,41.62,23.46,47.392216,8.532125,416.5,9003400.0,4.39,4.65,4.65,4.65,16.29,57.81,-9999.0,9.72,-9999.0,13.23,25.33,-34.35,-9999.0,-5.07,-9999.0,-8.58
580,41.59,23.94,47.392239,8.532084,418.4,9003900.0,4.27,4.52,4.52,4.52,16.29,57.81,-9999.0,9.72,-9999.0,13.23,25.3,-33.87,-9999.0,-5.2,-9999.0,-8.71
585,41.28,27.33,47.392235,8.53206,418.1,9004400.0,3.97,4.19,4.19,4.19,16.29,57.81,-9999.0,9.72,-9999.0,13.23,24.99,-30.48,-9999.0,-5.53,-9999.0,-9.04
590,40.89,27.72,47.39222,8.532047,415.5,9004900.0,3.76,3.98,3.98,3.98,16.29,57.81,-9999.0,9.72,-9999.0,13.23,24.6,-30.09,-9999.0,-5.74,-9999.0,-9.25
595,40.56,28.62,47.392262,8.532037,415.3,9005400.0,3.58,3.79,3.79,3.79,16.29,57.81,-9999.0,9.72,-9999.0,13.23,24.27,-29.19,-9999.0,-5.93,-9999.0,-9.44
600,40.28,27.28,47.392242,8.532052,422.8,9005900.0,3.61,3.81,3.81,3.81,16.29,57.81,-9999.0,9.72,-9999.0,13.23,23.99,-30.53,-9999.0,-5.91,-9999.0,-9.42
605,40.03,24.88,47.392239,8.532054,422.7,9010400.0,3.61,3.82,3.82,3.82,16.29,57.81,-9999.0,9.72,-9999.0,13.23,23.74,-32.93,-9999.0,-5.9,-9999.0,-9.41
610,39.77,23.55,47.39225,8.532043,428.3,9010900.0,3.69,3.91,3.91,3.91,16.29,57.81,-9999.0,9.72,-9999.0,13.23,23.48,-34.26,-9999.0,-5.81,-9999.0,-9.32
615,39.36,23.46,47.392147,8.532001,431.5,9011400.0,3.66,3.87,3.87,3.87,16.29,57.81,-9999.0,9.72,-9999.0,13.23,23.07,-34.35,-9999.0,-5.85,-9999.0,-9.36
620,38.69,23.59,47.392139,8.532014,434.8,9011900.0,3.59,3.8,3.8,3.8,16.29,57.81,-9999.0,9.72,-9999.0,13.23,22.4,-34.22,-9999.0,-5.92,-9999.0,-9.43
625,38.11,24.01,47.392147,8.53201,441.4,9012400.0,3.52,3.72,3.72,3.72,16.29,57.81,-9999.0,9.72,-9999.0,13.23,21.82,-33.8,-9999.0,-6.0,-9999.0,-9.51
630,37.45,24.43,47.392124,8.532043,444.5,9012900.0,3.46,3.66,3.66,3.66,16.29,57.81,-9999.0,9.72,-9999.0,13.23,21.16,-33.38,-9999.0,-6.06,-9999.0,-9.57
635,36.85,24.74,47.392124,8.532073,447.0,9013400.0,3.45,3.65,3.65,3.65,16.29,57.81,-9999.0,9.72,-9999.0,13.23,20.56,-33.07,-9999.0,-6.07,-9999.0,-9.58
640,36.29,25.74,47.392113,8.532095,450.0,9013900.0,3.52,3.72,3.72,3.72,16.29,57.81,-9999.0,9.72,-9999.0,13.23,20.0,-32.07,-9999.0,-6.0,-9999.0,-9.51
645,35.73,26.17,47.392117,8.532101,446.6,9014400.0,3.55,3.75,3.75,3.75,16.29,57.81,-9999.0,9.72,-9999.0,13.23,19.44,-31.64,-9999.0,-5.97,-9999.0,-9.48
650,35.29,26.28,47.392109,8.532111,443.5,9014900.0,3.78,4.0,4.0,4.0,16.29,57.81,-9999.0,9.72,-9999.0,13.23,19.0,-31.53,-9999.0,-5.72,-9999.0,-9.23
655,34.82,26.98,47.392086,8.532121,442.4,9015400.0,3.95,4.18,4.18,4.18,16.29,57.81,-9999.0,9.72,-9999.0,13.23,18.53,-30.83,-9999.0,-5.54,-9999.0,-9.05
660,34.7,28.07,47.392036,8.532091,440.3,9015900.0,4.16,4.4,4.4,4.4,16.29,57.81,-9999.0,9.72,-9999.0,13.23,18.41,-29.74,-9999.0,-5.32,-9999.0,-8.83
665,34.5,28.18,47.391998,8.532059,443.2,9020400.0,4.07,4.31,4.31,4.31,16.29,57.81,-9999.0,9.72,-9999.0,13.23,18.21,-29.63,-9999.0,-5.41,-9999.0,-8.92
670,34.11,28.09,47.391975,8.532164,443.4,9020900.0,4.11,4.35,4.35,4.35,16.29,57.81,-9999.0,9.72,-9999.0,13.23,17.82,-29.72,-9999.0,-5.37,-9999.0,-8.88
675,33.89,29.18,47.391953,8.532191,445.1,9021400.0,4.21,4.45,4.45,4.45,16.29,57.81,-9999.0,9.72,-9999.0,13.23,17.6,-28.63,-9999.0,-5.27,-9999.0,-8.78
680,33.41,29.99,47.39183,8.532239,447.0,9021900.0,4.24,4.49,4.49,4.49,16.29,57.81,-9999.0,9.72,-9999.0,13.23,17.12,-27.82,-9999.0,-5.23,-9999.0,-8.74
685,32.57,30.04,47.3918,8.531993,446.1,9022400.0,4.24,4.49,4.49,4.49,16.29,57.81,-9999.0,9.72,-9999.0,13.23,16.28,-27.77,-9999.0,-5.23,-9999.0,-8.74
690,32.2,30.55,47.391918,8.531808,445.4,9022800.0,4.54,4.8,4.8,4.8,16.29,57.81,-9999.0,9.72,-9999.0,13.23,15.91,-27.26,-9999.0,-4.92,-9999.0,-8.43
695,31.9,31.06,47.392117,8.531574,441.6,9023300.0,4.38,4.63,4.63,4.63,16.29,57.81,-9999.0,9.72,-9999.0,13.23,15.61,-26.75,-9999.0,-5.09,-9999.0,-8.6
700,31.74,31.17,47.392315,8.531318,441.4,9023800.0,4.17,4.41,4.41,4.41,16.29,57.81,-9999.0,9.72,-9999.0,13.23,15.45,-26.64,-9999.0,-5.31,-9999.0,-8.82
705,31.56,31.37,47.392509,8.531055,441.6,9024300.0,3.98,4.21,4.21,4.21,16.29,57.81,-9999.0,9.72,-9999.0,13.23,15.27,-26.44,-9999.0,-5.51,-9999.0,-9.02
710,31.39,31.48,47.392727,8.530819,440.5,9024800.0,3.87,4.1,4.1,4.1,16.29,57.81,-9999.0,9.72,-9999.0,13.23,15.1,-26.33,-9999.0,-5.62,-9999.0,-9.13
715,31.22,31.79,47.392925,8.530569,438.8,9025300.0,3.78,3.99,3.99,3.99,16.29,57.81,-9999.0,9.72,-9999.0,13.23,14.93,-26.02,-9999.0,-5.73,-9999.0,-9.24
720,31.1,31.89,47.392941,8.530308,441.5,9025800.0,3.84,4.06,4.06,4.06,16.29,57.81,-9999.0,9.72,-9999.0,13.23,14.81,-25.92,-9999.0,-5.66,-9999.0,-9.17
725,30.59,32.12,47.392776,8.530083,442.9,9030300.0,3.81,4.03,4.03,4.03,16.29,57.81,-9999.0,9.72,-9999.0,13.23,14.3,-25.69,-9999.0,-5.69,-9999.0,-9.2
730,30.03,32.95,47.392502,8.530022,442.8,9030800.0,3.99,4.22,4.22,4.22,16.29,57.81,-9999.0,9.72,-9999.0,13.23,13.74,-24.86,-9999.0,-5.5,-9999.0,-9.01
735,29.31,34.06,47.392223,8.530187,443.0,9031300.0,3.88,4.1,4.1,4.1,16.29,57.81,-9999.0,9.72,-9999.0,13.23,13.02,-23.75,-9999.0,-5.62,-9999.0,-9.13
740,28.66,34.31,47.391987,8.530438,443.8,9031800.0,3.72,3.94,3.94,3.94,16.29,57.81,-9999.0,9.72,-9999.0,13.23,12.37,-23.5,-9999.0,-5.78,-9999.0,-9.29
745,28.06,35.15,47.391754,8.530706,445.3,9032300.0,3.82,4.04,4.04,4.04,16.29,57.81,-9999.0,9.72,-9999.0,13.23,11.77,-22.66,-9999.0,-5.68,-9999.0,-9.19
750,27.44,36.18,47.391514,8.530997,446.9,9032800.0,4.04,4.27,4.27,4.27,16.29,57.81,-9999.0,9.72,-9999.0,13.23,11.15,-21.63,-9999.0,-5.45,-9999.0,-8.96
755,27.08,37.3,47.391254,8.531279,450.0,9033300.0,4.05,4.28,4.28,4.28,16.29,57.81,-9999.0,9.72,-9999.0,13.23,10.79,-20.51,-9999.0,-5.44,-9999.0,-8.95
760,26.61,37.73,47.390995,8.531562,450.7,9033800.0,3.93,4.15,4.15,4.15,16.29,57.81,-9999.0,9.72,-9999.0,13.23,10.32,-20.08,-9999.0,-5.57,-9999.0,-9.08
765,26.38,38.82,47.390743,8.531862,452.0,9034300.0,3.85,4.07,4.07,4.07,16.29,57.81,-9999.0,9.72,-9999.0,13.23,10.09,-18.99,-9999.0,-5.65,-9999.0,-9.16
770,26.11,39.55,47.390491,8.532163,452.9,9034800.0,3.89,4.12,4.12,4.12,16.29,57.81,-9999.0,9.72,-9999.0,13.23,9.82,-18.26,-9999.0,-5.6,-9999.0,-9.11
775,25.89,39.77,47.390251,8.532454,456.0,9035300.0,3.95,4.18,4.18,4.18,16.29,57.81,-9999.0,9.72,-9999.0,13.23,9.6,-18.04,-9999.0,-5.54,-9999.0,-9.05
780,25.85,40.26,47.390003,8.532769,457.8,9035800.0,3.92,4.15,4.15,4.15,17.3,53.99,-9999.0,9.86,-9999.0,14.14,8.55,-13.73,-9999.0,-5.71,-9999.0,-9.99
785,25.74,40.88,47.389744,8.533077,460.0,9040300.0,3.69,3.9,3.9,3.9,17.3,53.99,-9999.0,9.86,-9999.0,14.14,8.44,-13.11,-9999.0,-5.96,-9999.0,-10.24
790,25.59,40.98,47.389484,8.533405,461.9,9040800.0,3.66,3.87,3.87,3.87,17.3,53.99,-9999.0,9.86,-9999.0,14.14,8.29,-13.01,-9999.0,-5.99,-9999.0,-10.27
795,25.4,41.3,47.389236,8.533749,465.0,9041300.0,3.9,4.13,4.13,4.13,17.3,53.99,-9999.0,9.86,-9999.0,14.14,8.1,-12.69,-9999.0,-5.73,-9999.0,-10.01
800,25.31,41.2,47.388947,8.533997,467.2,9041800.0,4.08,4.31,4.31,4.31,17.3,53.99,-9999.0,9.86,-9999.0,14.14,8.01,-12.79,-9999.0,-5.55,-9999.0,-9.83
805,25.06,41.42,47.388626,8.534116,468.0,9042300.0,4.17,4.41,4.41,4.41,17.3,53.99,-9999.0,9.86,-9999.0,14.14,7.76,-12.57,-9999.0,-5.45,-9999.0,-9.73
810,24.91,41.63,47.388447,8.534176,465.5,9042800.0,4.21,4.45,4.45,4.45,17.3,53.99,-9999.0,9.86,-9999.0,14.14,7.61,-12.36,-9999.0,-5.41,-9999.0,-9.69
815,24.76,42.03,47.388126,8.534273,465.8,9043300.0,4.16,4.4,4.4,4.4,17.3,53.99,-9999.0,9.86,-9999.0,14.14,7.46,-11.96,-9999.0,-5.46,-9999.0,-9.74
820,24.59,42.35,47.38776,8.534406,463.3,9043800.0,4.08,4.31,4.31,4.31,17.3,53.99,-9999.0,9.86,-9999.0,14.14,7.29,-11.64,-9999.0,-5.55,-9999.0,-9.83
825,24.56,42.75,47.387398,8.534575,457.3,9044300.0,4.27,4.52,4.52,4.52,17.3,53.99,-9999.0,9.86,-9999.0,14.14,7.26,-11.24,-9999.0,-5.34,-9999.0,-9.62
830,24.45,42.75,47.387157,8.534739,446.0,9044800.0,4.43,4.69,4.69,4.69,17.3,53.99,-9999.0,9.86,-9999.0,14.14,7.15,-11.24,-9999.0,-5.17,-9999.0,-9.45
835,24.85,42.83,47.387085,8.534846,438.2,9045300.0,4.54,4.8,4.8,4.8,17.3,53.99,-9999.0,9.86,-9999.0,14.14,7.55,-11.16,-9999.0,-5.06,-9999.0,-9.34
840,25.33,42.49,47.387077,8.535003,434.5,9045800.0,4.74,5.02,5.02,5.02,17.3,53.99,-9999.0,9.86,-9999.0,14.14,8.03,-11.5,-9999.0,-4.84,-9999.0,-9.12
845,25.66,42.05,47.387047,8.535206,433.3,9050300.0,4.92,5.21,5.21,5.21,17.3,53.99,-9999.0,9.86,-9999.0,14.14,8.36,-11.94,-9999.0,-4.65,-9999.0,-8.93
850,25.81,41.66,47.387169,8.53536,434.3,9050800.0,4.94,5.23,5.23,5.23,17.3,53.99,-9999.0,9.86,-9999.0,14.14,8.51,-12.33,-9999.0,-4.63,-9999.0,-8.91
855,25.66,41.38,47.38731,8.535547,433.5,9051300.0,4.83,5.11,5.11,5.11,17.3,53.99,-9999.0,9.86,-9999.0,14.14,8.36,-12.61,-9999.0,-4.75,-9999.0,-9.03
860,25.41,41.2,47.387432,8.535745,432.8,9051800.0,4.77,5.05,5.05,5.05,17.3,53.99,-9999.0,9.86,-9999.0,14.14,8.11,-12.79,-9999.0,-4.81,-9999.0,-9.09
865,25.26,41.42,47.387554,8.535945,428.7,9052300.0,4.68,4.95,4.95,4.95,17.3,53.99,-9999.0,9.86,-9999.0,14.14,7.96,-12.57,-9999.0,-4.91,-9999.0,-9.19
870,25.0,41.82,47.38768,8.536121,425.8,9052800.0,4.45,4.7,4.7,4.7,17.3,53.99,-9999.0,9.86,-9999.0,14.14,7.7,-12.17,-9999.0,-5.16,-9999.0,-9.44
875,24.74,42.13,47.38781,8.536281,423.5,9053300.0,4.19,4.44,4.44,4.44,17.3,53.99,-9999.0,9.86,-9999.0,14.14,7.44,-11.86,-9999.0,-5.42,-9999.0,-9.7
880,24.84,42.53,47.387932,8.536373,424.4,9053800.0,4.16,4.4,4.4,4.4,17.3,53.99,-9999.0,9.86,-9999.0,14.14,7.54,-11.46,-9999.0,-5.46,-9999.0,-9.74
885,24.82,43.13,47.388103,8.536459,427.3,9054300.0,4.08,4.31,4.31,4.31,17.3,53.99,-9999.0,9.86,-9999.0,14.14,7.52,-10.86,-9999.0,-5.55,-9999.0,-9.83
890,24.9,43.13,47.388306,8.536515,425.2,9054800.0,4.29,4.54,4.54,4.54,17.3,53.99,-9999.0,9.86,-9999.0,14.14,7.6,-10.86,-9999.0,-5.32,-9999.0,-9.6
895,24.82,43.23,47.388458,8.536497,427.6,9055300.0,4.68,4.94,4.94,4.94,17.3,53.99,-9999.0,9.86,-9999.0,14.14,7.52,-10.76,-9999.0,-4.92,-9999.0,-9.2
900,24.84,43.32,47.388615,8.536447,429.9,9055800.0,4.91,5.19,5.19,5.19,17.3,53.99,-9999.0,9.86,-9999.0,14.14,7.54,-10.67,-9999.0,-4.67,-9999.0,-8.95
905,24.75,43.32,47.388733,8.536412,436.6,9060300.0,5.0,5.29,5.29,5.29,17.3,53.99,-9999.0,9.86,-9999.0,14.14,7.45,-10.67,-9999.0,-4.57,-9999.0,-8.85
910,24.65,43.74,47.388893,8.536376,439.2,9060800.0,5.32,5.62,5.62,5.62,17.3,53.99,-9999.0,9.86,-9999.0,14.14,7.35,-10.25,-9999.0,-4.24,-9999.0,-8.52
915,24.47,43.84,47.389042,8.536332,443.1,9061300.0,5.58,5.9,5.9,5.9,17.3,53.99,-9999.0,9.86,-9999.0,14.14,7.17,-10.15,-9999.0,-3.96,-9999.0,-8.24
920,24.4,43.96,47.389202,8.536306,447.6,9061800.0,5.57,5.89,5.89,5.89,17.3,53.99,-9999.0,9.86,-9999.0,14.14,7.1,-10.03,-9999.0,-3.97,-9999.0,-8.25
925,24.26,44.08,47.389366,8.536292,446.5,9062300.0,5.45,5.76,5.76,5.76,17.3,53.99,-9999.0,9.86,-9999.0,14.14,6.96,-9.91,-9999.0,-4.1,-9999.0,-8.38
930,24.15,44.38,47.389568,8.536333,444.4,9062800.0,5.2,5.5,5.5,5.5,17.3,53.99,-9999.0,9.86,-9999.0,14.14,6.85,-9.61,-9999.0,-4.36,-9999.0,-8.64
935,24.18,44.68,47.389744,8.536356,442.9,9063300.0,4.85,5.13,5.13,5.13,17.3,53.99,-9999.0,9.86,-9999.0,14.14,6.88,-9.31,-9999.0,-4.73,-9999.0,-9.01
940,24.28,44.56,47.389896,8.536358,442.2,9063800.0,4.69,4.96,4.96,4.96,17.3,53.99,-9999.0,9.86,-9999.0,14.14,6.98,-9.43,-9999.0,-4.9,-9999.0,-9.18
945,24.38,44.85,47.390018,8.536259,446.6,9064300.0,4.63,4.89,4.89,4.89,17.3,53.99,-9999.0,9.86,-9999.0,14.14,7.08,-9.14,-9999.0,-4.97,-9999.0,-9.25
950,24.25,44.76,47.390152,8.536288,450.1,9064800.0,4.61,4.87,4.87,4.87,17.3,53.99,-9999.0,9.86,-9999.0,14.14,6.95,-9.23,-9999.0,-4.99,-9999.0,-9.27
955,24.25,44.56,47.390347,8.536375,449.0,9065300.0,4.47,4.72,4.72,4.72,17.3,53.99,-9999.0,9.86,-9999.0,14.14,6.95,-9.43,-9999.0,-5.14,-9999.0,-9.42
960,24.58,44.74,47.390537,8.536392,447.2,9065800.0,4.61,4.87,4.87,4.87,17.3,53.99,-9999.0,9.86,-9999.0,14.14,7.28,-9.25,-9999.0,-4.99,-9999.0,-9.27
965,25.15,44.99,47.390709,8.536362,448.3,9070300.0,4.68,4.95,4.95,4.95,17.3,53.99,-9999.0,9.86,-9999.0,14.14,7.85,-9.0,-9999.0,-4.91,-9999.0,-9.19
970,25.67,44.75,47.390823,8.536338,451.8,9070800.0,4.8,5.07,5.07,5.07,17.3,53.99,-9999.0,9.86,-9999.0,14.14,8.37,-9.24,-9999.0,-4.79,-9999.0,-9.07
975,26.16,44.09,47.390957,8.536319,454.5,9071300.0,4.82,5.1,5.1,5.1,17.3,53.99,-9999.0,9.86,-9999.0,14.14,8.86,-9.9,-9999.0,-4.76,-9999.0,-9.04
980,26.63,42.38,47.391159,8.536266,454.9,9071800.0,5.41,5.72,5.72,5.72,17.3,53.99,-9999.0,9.86,-9999.0,14.14,9.33,-11.61,-9999.0,-4.14,-9999.0,-8.42
985,26.95,41.06,47.391384,8.536109,454.4,9072300.0,5.57,5.89,5.89,5.89,17.3,53.99,-9999.0,9.86,-9999.0,14.14,9.65,-12.93,-9999.0,-3.97,-9999.0,-8.25
990,27.1,39.87,47.39159,8.535873,452.8,9072800.0,5.5,5.81,5.81,5.81,17.3,53.99,-9999.0,9.86,-9999.0,14.14,9.8,-14.12,-9999.0,-4.05,-9999.0,-8.33
995,27.12,39.48,47.391808,8.535606,453.1,9073300.0,5.41,5.72,5.72,5.72,17.3,53.99,-9999.0,9.86,-9999.0,14.14,9.82,-14.51,-9999.0,-4.14,-9999.0,-8.42
1000,26.64,39.51,47.392048,8.535338,454.3,9073800.0,5.52,5.84,5.84,5.84,17.3,53.99,-9999.0,9.86,-9999.0,14.14,9.34,-14.48,-9999.0,-4.02,-9999.0,-8.3
1005,26.28,39.83,47.392281,8.53504,454.2,9074300.0,5.37,5.68,5.68,5.68,17.3,53.99,-9999.0,9.86,-9999.0,14.14,8.98,-14.16,-9999.0,-4.18,-9999.0,-8.46
1010,26.05,40.05,47.392525,8.534761,454.5,9074800.0,5.22,5.52,5.52,5.52,17.3,53.99,-9999.0,9.86,-9999.0,14.14,8.75,-13.94,-9999.0,-4.34,-9999.0,-8.62
1015,26.08,40.34,47.392784,8.534497,454.0,9075300.0,5.2,5.5,5.5,5.5,17.3,53.99,-9999.0,9.86,-9999.0,14.14,8.78,-13.65,-9999.0,-4.36,-9999.0,-8.64
1020,26.2,40.64,47.393044,8.534245,455.0,9075800.0,4.94,5.22,5.22,5.22,17.3,53.99,-9999.0,9.86,-9999.0,14.14,8.9,-13.35,-9999.0,-4.64,-9999.0,-8.92
1025,26.05,40.74,47.393299,8.533993,455.2,9080300.0,4.67,4.94,4.94,4.94,16.29,57.81,-9999.0,9.72,-9999.0,13.23,9.76,-17.07,-9999.0,-4.78,-9999.0,-8.29
1030,25.89,41.26,47.39357,8.533786,453.8,9080800.0,4.66,4.93,4.93,4.93,16.29,57.81,-9999.0,9.72,-9999.0,13.23,9.6,-16.55,-9999.0,-4.79,-9999.0,-8.3
1035,26.08,41.33,47.393841,8.533597,452.8,9081300.0,4.54,4.81,4.81,4.81,16.29,57.81,-9999.0,9.72,-9999.0,13.23,9.79,-16.48,-9999.0,-4.91,-9999.0,-8.42
1040,26.15,41.04,47.394104,8.533441,451.4,9081800.0,4.74,5.02,5.02,5.02,16.29,57.81,-9999.0,9.72,-9999.0,13.23,9.86,-16.77,-9999.0,-4.7,-9999.0,-8.21
1045,26.24,40.92,47.394356,8.533288,450.6,9082300.0,4.9,5.18,5.18,5.18,16.29,57.81,-9999.0,9.72,-9999.0,13.23,9.95,-16.89,-9999.0,-4.54,-9999.0,-8.05
1050,26.38,40.92,47.394588,8.533113,448.3,9082800.0,4.86,5.14,5.14,5.14,16.29,57.81,-9999.0,9.72,-9999.0,13.23,10.09,-16.89,-9999.0,-4.58,-9999.0,-8.09
1055,26.64,40.78,47.394802,8.53291,449.2,9083300.0,4.9,5.18,5.18,5.18,16.29,57.81,-9999.0,9.72,-9999.0,13.23,10.35,-17.03,-9999.0,-4.54,-9999.0,-8.05
1060,27.15,40.37,47.395004,8.532722,448.2,9083800.0,5.04,5.33,5.33,5.33,16.29,57.81,-9999.0,9.72,-9999.0,13.23,10.86,-17.44,-9999.0,-4.39,-9999.0,-7.9
1065,27.42,39.83,47.395164,8.532537,448.9,9084300.0,4.96,5.25,5.25,5.25,16.29,57.81,-9999.0,9.72,-9999.0,13.23,11.13,-17.98,-9999.0,-4.47,-9999.0,-7.98
1070,27.9,38.9,47.395317,8.532373,450.8,9084800.0,4.75,5.03,5.03,5.03,16.29,57.81,-9999.0,9.72,-9999.0,13.23,11.61,-18.91,-9999.0,-4.69,-9999.0,-8.2
1075,28.28,38.37,47.395462,8.53226,451.0,9085300.0,4.68,4.95,4.95,4.95,16.29,57.81,-9999.0,9.72,-9999.0,13.23,11.99,-19.44,-9999.0,-4.77,-9999.0,-8.28
1080,28.64,37.96,47.395599,8.532153,453.6,9085800.0,4.9,5.18,5.18,5.18,16.29,57.81,-9999.0,9.72,-9999.0,13.23,12.35,-19.85,-9999.0,-4.54,-9999.0,-8.05
1085,29.06,37.43,47.395645,8.531958,453.6,9090300.0,5.2,5.5,5.5,5.5,16.29,57.81,-9999.0,9.72,-9999.0,13.23,12.77,-20.38,-9999.0,-4.22,-9999.0,-7.73
1090,29.41,36.63,47.395664,8.53164,449.7,9090800.0,5.28,5.59,5.59,5.59,16.29,57.81,-9999.0,9.72,-9999.0,13.23,13.12,-21.18,-9999.0,-4.13,-9999.0,-7.64
1095,29.52,35.84,47.395756,8.531223,447.0,9091300.0,5.45,5.77,5.77,5.77,16.29,57.81,-9999.0,9.72,-9999.0,13.23,13.23,-21.97,-9999.0,-3.95,-9999.0,-7.46
1100,29.4,35.44,47.395828,8.530705,445.8,9091800.0,5.41,5.72,5.72,5.72,16.29,57.81,-9999.0,9.72,-9999.0,13.23,13.11,-22.37,-9999.0,-4.000000000000001,-9999.0,-7.51
1105,29.13,35.36,47.395859,8.530227,446.7,9092300.0,5.35,5.66,5.66,5.66,16.29,57.81,-9999.0,9.72,-9999.0,13.23,12.84,-22.45,-9999.0,-4.06,-9999.0,-7.57
1110,28.96,36.07,47.395855,8.529833,446.2,9092800.0,5.22,5.52,5.52,5.52,16.29,57.81,-9999.0,9.72,-9999.0,13.23,12.67,-21.74,-9999.0,-4.2,-9999.0,-7.71
1115,29.03,36.27,47.395836,8.529357,448.2,9093300.0,5.01,5.3,5.3,5.3,16.29,57.81,-9999.0,9.72,-9999.0,13.23,12.74,-21.54,-9999.0,-4.42,-9999.0,-7.93
1120,28.98,36.36,47.395882,8.528843,451.3,9093800.0,4.94,5.23,5.23,5.23,16.29,57.81,-9999.0,9.72,-9999.0,13.23,12.69,-21.45,-9999.0,-4.49,-9999.0,-8.0
1125,28.96,36.27,47.395943,8.528353,451.2,9094300.0,4.79,5.06,5.06,5.06,16.29,57.81,-9999.0,9.72,-9999.0,13.23,12.67,-21.54,-9999.0,-4.66,-9999.0,-8.17
1130,28.94,36.17,47.395988,8.527919,447.9,9094800.0,4.72,4.99,4.99,4.99,16.29,57.81,-9999.0,9.72,-9999.0,13.23,12.65,-21.64,-9999.0,-4.73,-9999.0,-8.24
1135,29.12,36.05,47.39603,8.527647,445.5,9095300.0,4.89,5.17,5.17,5.17,16.29,57.81,-9999.0,9.72,-9999.0,13.23,12.83,-21.76,-9999.0,-4.55,-9999.0,-8.06
1140,29.44,36.23,47.395992,8.527807,444.8,9095800.0,4.77,5.05,5.05,5.05,16.29,57.81,-9999.0,9.72,-9999.0,13.23,13.15,-21.58,-9999.0,-4.67,-9999.0,-8.18
1145,29.44,35.84,47.395947,8.528114,445.9,9100300.0,4.75,5.02,5.02,5.02,16.29,57.81,-9999.0,9.72,-9999.0,13.23,13.15,-21.97,-9999.0,-4.7,-9999.0,-8.21
1150,29.13,35.56,47.395878,8.528487,447.9,9100800.0,5.12,5.41,5.41,5.41,16.29,57.81,-9999.0,9.72,-9999.0,13.23,12.84,-22.25,-9999.0,-4.31,-9999.0,-7.82
1155,28.94,35.77,47.395832,8.528776,446.7,9101200.0,5.15,5.44,5.44,5.44,16.29,57.81,-9999.0,9.72,-9999.0,13.23,12.65,-22.04,-9999.0,-4.28,-9999.0,-7.79
1160,28.75,36.66,47.395775,8.529132,449.0,9101700.0,4.98,5.27,5.27,5.27,16.29,57.81,-9999.0,9.72,-9999.0,13.23,12.46,-21.15,-9999.0,-4.45,-9999.0,-7.96
1165,28.57,37.07,47.395756,8.529484,449.7,9102200.0,5.29,5.59,5.59,5.59,16.29,57.81,-9999.0,9.72,-9999.0,13.23,12.28,-20.74,-9999.0,-4.13,-9999.0,-7.64
1170,28.54,37.19,47.395763,8.529773,448.7,9102700.0,5.27,5.57,5.57,5.57,16.29,57.81,-9999.0,9.72,-9999.0,13.23,12.25,-20.62,-9999.0,-4.15,-9999.0,-7.66
1175,28.31,37.41,47.395748,8.53001,449.7,9103200.0,4.93,5.22,5.22,5.22,16.29,57.81,-9999.0,9.72,-9999.0,13.23,12.02,-20.4,-9999.0,-4.5,-9999.0,-8.01
1180,27.85,37.64,47.395557,8.529997,443.9,9103700.0,4.56,4.82,4.82,4.82,16.29,57.81,-9999.0,9.72,-9999.0,13.23,11.56,-20.17,-9999.0,-4.9,-9999.0,-8.41
1185,27.13,38.09,47.395252,8.529899,434.8,9104200.0,4.38,4.64,4.64,4.64,16.29,57.81,-9999.0,9.72,-9999.0,13.23,10.84,-19.72,-9999.0,-5.08,-9999.0,-8.59
1190,26.65,38.72,47.394951,8.529832,427.9,9104700.0,4.53,4.79,4.79,4.79,16.29,57.81,-9999.0,9.72,-9999.0,13.23,10.36,-19.09,-9999.0,-4.93,-9999.0,-8.44
1195,26.56,39.71,47.394882,8.529623,426.4,9105200.0,4.5,4.76,4.76,4.76,16.29,57.81,-9999.0,9.72,-9999.0,13.23,10.27,-18.1,-9999.0,-4.96,-9999.0,-8.47
1200,26.7,40.68,47.394974,8.529259,427.5,9105700.0,4.42,4.68,4.68,4.68,16.29,57.81,-9999.0,9.72,-9999.0,13.23,10.41,-17.13,-9999.0,-5.04,-9999.0,-8.55
1205,26.95,40.47,47.395084,8.528877,428.6,9110200.0,4.46,4.72,4.72,4.72,16.29,57.81,-9999.0,9.72,-9999.0,13.23,10.66,-17.34,-9999.0,-5.000000000000001,-9999.0,-8.51
1210,27.27,40.15,47.395184,8.528549,429.5,9110700.0,4.49,4.75,4.75,4.75,16.29,57.81,-9999.0,9.72,-9999.0,13.23,10.98,-17.66,-9999.0,-4.97,-9999.0,-8.48
1215,27.45,39.43,47.395283,8.528245,430.2,9111200.0,4.7,4.97,4.97,4.97,16.29,57.81,-9999.0,9.72,-9999.0,13.23,11.16,-18.38,-9999.0,-4.75,-9999.0,-8.26
1220,27.69,38.73,47.395405,8.527928,432.1,9111700.0,4.8,5.08,5.08,5.08,16.29,57.81,-9999.0,9.72,-9999.0,13.23,11.4,-19.08,-9999.0,-4.64,-9999.0,-8.15
1225,27.97,38.21,47.395523,8.527584,428.0,9112200.0,4.85,5.13,5.13,5.13,16.29,57.81,-9999.0,9.72,-9999.0,13.23,11.68,-19.6,-9999.0,-4.59,-9999.0,-8.1
1230,28.15,37.8,47.395618,8.527237,435.0,9112700.0,4.79,5.06,5.06,5.06,16.29,57.81,-9999.0,9.72,-9999.0,13.23,11.86,-20.01,-9999.0,-4.66,-9999.0,-8.17
1235,28.53,37.78,47.395687,8.526974,436.7,9113200.0,4.73,5.0,5.0,5.0,16.29,57.81,-9999.0,9.72,-9999.0,13.23,12.24,-20.03,-9999.0,-4.72,-9999.0,-8.23
1240,29.07,37.34,47.39563,8.527099,437.9,9113700.0,4.84,5.12,5.12,5.12,16.29,57.81,-9999.0,9.72,-9999.0,13.23,12.78,-20.47,-9999.0,-4.6,-9999.0,-8.11
1245,29.13,36.36,47.395535,8.52736,440.0,9114200.0,4.79,5.06,5.06,5.06,16.29,57.81,-9999.0,9.72,-9999.0,13.23,12.84,-21.45,-9999.0,-4.66,-9999.0,-8.17
1250,29.0,35.88,47.395412,8.527702,442.3,9114700.0,4.91,5.2,5.2,5.2,16.29,57.81,-9999.0,9.72,-9999.0,13.23,12.71,-21.93,-9999.0,-4.52,-9999.0,-8.03
1255,28.81,35.89,47.395271,8.528078,441.3,9115200.0,5.06,5.35,5.35,5.35,16.29,57.81,-9999.0,9.72,-9999.0,13.23,12.52,-21.92,-9999.0,-4.37,-9999.0,-7.88
1260,28.22,36.22,47.395088,8.528231,435.4,9115700.0,5.24,5.54,5.54,5.54,16.29,57.81,-9999.0,9.72,-9999.0,13.23,11.93,-21.59,-9999.0,-4.18,-9999.0,-7.69
1265,27.82,37.05,47.394833,8.52806,431.8,9120200.0,5.2,5.5,5.5,5.5,16.29,57.81,-9999.0,9.72,-9999.0,13.23,11.53,-20.76,-9999.0,-4.22,-9999.0,-7.73
1270,27.76,37.24,47.394623,8.528024,428.7,9120700.0,5.14,5.43,5.43,5.43,16.29,57.81,-9999.0,9.72,-9999.0,13.23,11.47,-20.57,-9999.0,-4.29,-9999.0,-7.8
1275,27.78,37.34,47.394501,8.528345,431.5,9121200.0,5.1,5.39,5.39,5.39,16.29,57.81,-9999.0,9.72,-9999.0,13.23,11.49,-20.47,-9999.0,-4.33,-9999.0,-7.84
1280,27.69,37.96,47.39436,8.528708,430.7,9121700.0,4.81,5.09,5.09,5.09,16.29,57.81,-9999.0,9.72,-9999.0,13.23,11.4,-19.85,-9999.0,-4.63,-9999.0,-8.14
1285,27.37,37.96,47.394226,8.529067,432.5,9122200.0,4.71,4.98,4.98,4.98,16.29,57.81,-9999.0,9.72,-9999.0,13.23,11.08,-19.85,-9999.0,-4.74,-9999.0,-8.25
1290,27.3,37.98,47.394081,8.529403,433.3,9122700.0,4.74,5.01,5.01,5.01,16.29,57.81,-9999.0,9.72,-9999.0,13.23,11.01,-19.83,-9999.0,-4.71,-9999.0,-8.22
1295,26.85,38.4,47.393883,8.529482,434.3,9123200.0,4.7,4.97,4.97,4.97,16.29,57.81,-9999.0,9.72,-9999.0,13.23,10.56,-19.41,-9999.0,-4.75,-9999.0,-8.26
1300,26.3,38.94,47.393669,8.529416,442.0,9123700.0,5.1,5.39,5.39,5.39,16.29,57.81,-9999.0,9.72,-9999.0,13.23,10.01,-18.87,-9999.0,-4.33,-9999.0,-7.84
1305,26.38,39.81,47.393616,8.529304,447.8,9124200.0,5.37,5.68,5.68,5.68,16.29,57.81,-9999.0,9.72,-9999.0,13.23,10.09,-18.0,-9999.0,-4.04,-9999.0,-7.55
1310,26.85,40.29,47.393715,8.529028,449.2,9124700.0,5.41,5.73,5.73,5.73,16.29,57.81,-9999.0,9.72,-9999.0,13.23,10.56,-17.52,-9999.0,-3.99,-9999.0,-7.5
1315,27.26,40.05,47.393822,8.528754,449.5,9125200.0,5.41,5.72,5.72,5.72,16.29,57.81,-9999.0,9.72,-9999.0,13.23,10.97,-17.76,-9999.0,-4.000000000000001,-9999.0,-7.51
1320,27.66,39.22,47.393951,8.528405,446.2,9125700.0,5.36,5.67,5.67,5.67,16.29,57.81,-9999.0,9.72,-9999.0,13.23,11.37,-18.59,-9999.0,-4.05,-9999.0,-7.56
1325,27.87,38.53,47.394077,8.528037,443.1,9130200.0,5.43,5.74,5.74,5.74,16.29,57.81,-9999.0,9.72,-9999.0,13.23,11.58,-19.28,-9999.0,-3.98,-9999.0,-7.49
1330,28.09,38.12,47.394207,8.527622,441.5,9130700.0,5.45,5.76,5.76,5.76,16.29,57.81,-9999.0,9.72,-9999.0,13.23,11.8,-19.69,-9999.0,-3.96,-9999.0,-7.47
1335,28.37,38.0,47.394356,8.527191,441.4,9131200.0,5.65,5.97,5.97,5.97,16.29,57.81,-9999.0,9.72,-9999.0,13.23,12.08,-19.81,-9999.0,-3.75,-9999.0,-7.26
1340,28.52,37.59,47.394386,8.526714,438.7,9131700.0,5.86,6.19,6.19,6.19,16.29,57.81,-9999.0,9.72,-9999.0,13.23,12.23,-20.22,-9999.0,-3.53,-9999.0,-7.04
1345,28.42,36.99,47.394207,8.52634,440.6,9132200.0,5.53,5.85,5.85,5.85,16.29,57.81,-9999.0,9.72,-9999.0,13.23,12.13,-20.82,-9999.0,-3.87,-9999.0,-7.38
1350,28.68,36.9,47.394184,8.525959,440.5,9132700.0,5.32,5.62,5.62,5.62,16.29,57.81,-9999.0,9.72,-9999.0,13.23,12.39,-20.91,-9999.0,-4.1,-9999.0,-7.61
1355,28.77,36.58,47.394264,8.525568,442.1,9133200.0,5.12,5.42,5.42,5.42,16.29,57.81,-9999.0,9.72,-9999.0,13.23,12.48,-21.23,-9999.0,-4.3,-9999.0,-7.81
1360,28.96,36.25,47.39439,8.525219,441.3,9133700.0,4.92,5.2,5.2,5.2,16.29,57.81,-9999.0,9.72,-9999.0,13.23,12.67,-21.56,-9999.0,-4.52,-9999.0,-8.03
1365,29.24,36.15,47.394588,8.52494,440.6,9134200.0,4.83,5.11,5.11,5.11,16.29,57.81,-9999.0,9.72,-9999.0,13.23,12.95,-21.66,-9999.0,-4.61,-9999.0,-8.12
1370,29.31,36.05,47.394859,8.524768,439.9,9134700.0,4.58,4.84,4.84,4.84,16.29,57.81,-9999.0,9.72,-9999.0,13.23,13.02,-21.76,-9999.0,-4.88,-9999.0,-8.39
1375,29.29,35.74,47.395111,8.524596,439.6,9135200.0,4.45,4.71,4.71,4.71,16.29,57.81,-9999.0,9.72,-9999.0,13.23,13.0,-22.07,-9999.0,-5.01,-9999.0,-8.52
1380,29.52,35.82,47.39526,8.52422,438.0,9135700.0,4.63,4.9,4.9,4.9,16.29,57.81,-9999.0,9.72,-9999.0,13.23,13.23,-21.99,-9999.0,-4.82,-9999.0,-8.33
1385,29.8,35.92,47.395367,8.523851,436.2,9140200.0,4.76,5.03,5.03,5.03,16.29,57.81,-9999.0,9.72,-9999.0,13.23,13.51,-21.89,-9999.0,-4.69,-9999.0,-8.2
1390,30.11,35.59,47.395466,8.523492,433.6,9140700.0,4.97,5.25,5.25,5.25,16.29,57.81,-9999.0,9.72,-9999.0,13.23,13.82,-22.22,-9999.0,-4.47,-9999.0,-7.98
1395,30.28,35.0,47.395557,8.523143,432.7,9141200.0,5.01,5.3,5.3,5.3,16.29,57.81,-9999.0,9.72,-9999.0,13.23,13.99,-22.81,-9999.0,-4.42,-9999.0,-7.93
1400,30.4,34.59,47.395634,8.522809,432.8,9141700.0,4.64,4.91,4.91,4.91,16.29,57.81,-9999.0,9.72,-9999.0,13.23,14.11,-23.22,-9999.0,-4.81,-9999.0,-8.32
1405,30.48,34.3,47.395676,8.522518,432.0,9142200.0,4.49,4.75,4.75,4.75,16.29,57.81,-9999.0,9.72,-9999.0,13.23,14.19,-23.51,-9999.0,-4.97,-9999.0,-8.48
1410,30.46,34.1,47.395542,8.522418,430.7,9142700.0,4.37,4.62,4.62,4.62,16.29,57.81,-9999.0,9.72,-9999.0,13.23,14.17,-23.71,-9999.0,-5.1,-9999.0,-8.61
1415,30.1,33.94,47.395283,8.52226,428.3,9143200.0,4.16,4.4,4.4,4.4,16.29,57.81,-9999.0,9.72,-9999.0,13.23,13.81,-23.87,-9999.0,-5.32,-9999.0,-8.83
1420,29.8,34.15,47.395237,8.521984,431.9,9143700.0,4.09,4.33,4.33,4.33,16.29,57.81,-9999.0,9.72,-9999.0,13.23,13.51,-23.66,-9999.0,-5.39,-9999.0,-8.9
1425,29.77,34.54,47.39534,8.521657,436.7,9144200.0,4.07,4.3,4.3,4.3,16.29,57.81,-9999.0,9.72,-9999.0,13.23,13.48,-23.27,-9999.0,-5.42,-9999.0,-8.93
1430,29.59,34.54,47.395405,8.521341,437.5,9144700.0,4.43,4.69,4.69,4.69,16.29,57.81,-9999.0,9.72,-9999.0,13.23,13.3,-23.27,-9999.0,-5.03,-9999.0,-8.54
1435,29.61,34.66,47.395489,8.521009,438.6,9145200.0,4.61,4.87,4.87,4.87,16.29,57.81,-9999.0,9.72,-9999.0,13.23,13.32,-23.15,-9999.0,-4.85,-9999.0,-8.36
1440,29.65,34.84,47.395576,8.520654,439.6,9145700.0,4.73,5.01,5.01,5.01,16.29,57.81,-9999.0,9.72,-9999.0,13.23,13.36,-22.97,-9999.0,-4.71,-9999.0,-8.22
1445,29.71,34.94,47.395668,8.520324,440.2,9150200.0,4.64,4.91,4.91,4.91,16.29,57.81,-9999.0,9.72,-9999.0,13.23,13.42,-22.87,-9999.0,-4.81,-9999.0,-8.32
1450,29.83,35.21,47.395756,8.519995,439.6,9150700.0,4.52,4.78,4.78,4.78,16.29,57.81,-9999.0,9.72,-9999.0,13.23,13.54,-22.6,-9999.0,-4.94,-9999.0,-8.45
1455,30.0,35.11,47.395836,8.519651,441.8,9151200.0,4.49,4.75,4.75,4.75,16.29,57.81,-9999.0,9.72,-9999.0,13.23,13.71,-22.7,-9999.0,-4.97,-9999.0,-8.48
1460,29.96,34.53,47.395931,8.519291,441.8,9151700.0,4.6,4.86,4.86,4.86,16.29,57.81,-9999.0,9.72,-9999.0,13.23,13.67,-23.28,-9999.0,-4.86,-9999.0,-8.37
1465,29.86,34.13,47.396023,8.518954,437.7,9152200.0,4.38,4.63,4.63,4.63,16.29,57.81,-9999.0,9.72,-9999.0,13.23,13.57,-23.68,-9999.0,-5.09,-9999.0,-8.6
1470,29.93,34.43,47.396118,8.51862,443.0,9152700.0,4.25,4.49,4.49,4.49,16.29,57.81,-9999.0,9.72,-9999.0,13.23,13.64,-23.38,-9999.0,-5.23,-9999.0,-8.74
1475,29.99,34.63,47.396191,8.5183,449.6,9153200.0,4.14,4.38,4.38,4.38,16.29,57.81,-9999.0,9.72,-9999.0,13.23,13.7,-23.18,-9999.0,-5.34,-9999.0,-8.85
1480,30.15,34.9,47.396248,8.517988,449.3,9153700.0,4.14,4.38,4.38,4.38,16.29,57.81,-9999.0,9.72,-9999.0,13.23,13.86,-22.91,-9999.0,-5.34,-9999.0,-8.85
1485,30.05,34.72,47.396282,8.517672,453.2,9154200.0,4.5,4.76,4.76,4.76,16.29,57.81,-9999.0,9.72,-9999.0,13.23,13.76,-23.09,-9999.0,-4.96,-9999.0,-8.47
1490,29.96,34.53,47.396271,8.517363,457.6,9154700.0,4.56,4.83,4.83,4.83,16.29,57.81,-9999.0,9.72,-9999.0,13.23,13.67,-23.28,-9999.0,-4.89,-9999.0,-8.4
1495,29.81,34.33,47.396271,8.517069,462.8,9155200.0,4.53,4.79,4.79,4.79,16.29,57.81,-9999.0,9.72,-9999.0,13.23,13.52,-23.48,-9999.0,-4.93,-9999.0,-8.44
1500,29.7,34.25,47.39629,8.516771,464.0,9155700.0,4.28,4.52,4.52,4.52,16.29,57.81,-9999.0,9.72,-9999.0,13.23,13.41,-23.56,-9999.0,-5.2,-9999.0,-8.71
1505,29.77,34.34,47.396282,8.516441,463.4,9160200.0,4.18,4.42,4.42,4.42,16.29,57.81,-9999.0,9.72,-9999.0,13.23,13.48,-23.47,-9999.0,-5.3,-9999.0,-8.81
1510,29.93,34.23,47.396252,8.516181,465.4,9160700.0,3.9,4.12,4.12,4.12,16.29,57.81,-9999.0,9.72,-9999.0,13.23,13.64,-23.58,-9999.0,-5.6,-9999.0,-9.11
1515,29.81,34.63,47.396217,8.516002,465.1,9161200.0,3.89,4.12,4.12,4.12,16.29,57.81,-9999.0,9.72,-9999.0,13.23,13.52,-23.18,-9999.0,-5.6,-9999.0,-9.11
1520,29.49,34.86,47.39613,8.515899,461.2,9161700.0,4.01,4.24,4.24,4.24,16.29,57.81,-9999.0,9.72,-9999.0,13.23,13.2,-22.95,-9999.0,-5.48,-9999.0,-8.99
1525,29.44,35.35,47.396122,8.515725,462.3,9162200.0,4.0,4.23,4.23,4.23,16.29,57.81,-9999.0,9.72,-9999.0,13.23,13.15,-22.46,-9999.0,-5.49,-9999.0,-9.0
1530,29.62,35.43,47.396179,8.515441,457.3,9162700.0,4.13,4.36,4.36,4.36,16.29,57.81,-9999.0,9.72,-9999.0,13.23,13.33,-22.38,-9999.0,-5.36,-9999.0,-8.87
1535,29.99,35.31,47.396252,8.515179,455.7,9163200.0,4.17,4.41,4.41,4.41,16.29,57.81,-9999.0,9.72,-9999.0,13.23,13.7,-22.5,-9999.0,-5.31,-9999.0,-8.82
1540,30.48,34.99,47.396294,8.514979,455.2,9163700.0,4.23,4.48,4.48,4.48,16.29,57.81,-9999.0,9.72,-9999.0,13.23,14.19,-22.82,-9999.0,-5.24,-9999.0,-8.75
1545,30.67,33.69,47.396294,8.514947,454.4,9164200.0,4.13,4.37,4.37,4.37,16.29,57.81,-9999.0,9.72,-9999.0,13.23,14.38,-24.12,-9999.0,-5.35,-9999.0,-8.86
1550,30.62,33.29,47.396286,8.514892,452.8,9164700.0,4.03,4.26,4.26,4.26,16.29,57.81,-9999.0,9.72,-9999.0,13.23,14.33,-24.52,-9999.0,-5.46,-9999.0,-8.97
1555,30.53,33.22,47.396275,8.514875,453.6,9165200.0,3.98,4.21,4.21,4.21,16.29,57.81,-9999.0,9.72,-9999.0,13.23,14.24,-24.59,-9999.0,-5.51,-9999.0,-9.02
1560,30.51,32.72,47.396267,8.514871,454.0,9165700.0,4.2,4.44,4.44,4.44,16.29,57.81,-9999.0,9.72,-9999.0,13.23,14.22,-25.09,-9999.0,-5.28,-9999.0,-8.79
1565,30.75,33.67,47.39629,8.51471,454.5,9170200.0,4.27,4.52,4.52,4.52,16.29,57.81,-9999.0,9.72,-9999.0,13.23,14.46,-24.14,-9999.0,-5.2,-9999.0,-8.71
1570,31.22,34.05,47.396328,8.514469,456.7,9170700.0,4.19,4.43,4.43,4.43,16.29,57.81,-9999.0,9.72,-9999.0,13.23,14.93,-23.76,-9999.0,-5.29,-9999.0,-8.8
1575,31.56,33.64,47.396347,8.514221,457.6,9171200.0,4.29,4.54,4.54,4.54,16.29,57.81,-9999.0,9.72,-9999.0,13.23,15.27,-24.17,-9999.0,-5.18,-9999.0,-8.69
1580,31.79,33.31,47.396362,8.513971,455.0,9171700.0,4.69,4.96,4.96,4.96,16.29,57.81,-9999.0,9.72,-9999.0,13.23,15.5,-24.5,-9999.0,-4.76,-9999.0,-8.27
1585,31.79,32.73,47.396412,8.513784,446.2,9172200.0,4.96,5.24,5.24,5.24,16.29,57.81,-9999.0,9.72,-9999.0,13.23,15.5,-25.08,-9999.0,-4.48,-9999.0,-7.99
1590,31.95,32.71,47.396431,8.513636,442.4,9172700.0,4.95,5.24,5.24,5.24,16.29,57.81,-9999.0,9.72,-9999.0,13.23,15.66,-25.1,-9999.0,-4.48,-9999.0,-7.99
1595,31.95,32.73,47.396435,8.513393,444.3,9173200.0,4.71,4.98,4.98,4.98,16.29,57.81,-9999.0,9.72,-9999.0,13.23,15.66,-25.08,-9999.0,-4.74,-9999.0,-8.25
1600,31.99,32.63,47.396454,8.513094,443.5,9173700.0,4.44,4.69,4.69,4.69,16.29,57.81,-9999.0,9.72,-9999.0,13.23,15.7,-25.18,-9999.0,-5.03,-9999.0,-8.54
1605,32.01,32.22,47.396511,8.512739,436.1,9174200.0,4.24,4.48,4.48,4.48,16.29,57.81,-9999.0,9.72,-9999.0,13.23,15.72,-25.59,-9999.0,-5.24,-9999.0,-8.75
1610,31.91,32.14,47.39653,8.512356,434.5,9174700.0,4.0,4.23,4.23,4.23,16.29,57.81,-9999.0,9.72,-9999.0,13.23,15.62,-25.67,-9999.0,-5.49,-9999.0,-9.0
1615,31.87,32.43,47.396553,8.511954,433.6,9175200.0,3.8,4.02,4.02,4.02,16.29,57.81,-9999.0,9.72,-9999.0,13.23,15.58,-25.38,-9999.0,-5.7,-9999.0,-9.21
1620,31.87,32.34,47.396606,8.511594,434.7,9175700.0,3.98,4.21,4.21,4.21,16.29,57.81,-9999.0,9.72,-9999.0,13.23,15.58,-25.47,-9999.0,-5.51,-9999.0,-9.02
1625,31.78,32.43,47.396633,8.511202,437.5,9180200.0,4.14,4.37,4.37,4.37,16.29,57.81,-9999.0,9.72,-9999.0,13.23,15.49,-25.38,-9999.0,-5.35,-9999.0,-8.86
1630,31.7,32.45,47.39669,8.51084,439.2,9180700.0,4.23,4.47,4.47,4.47,16.29,57.81,-9999.0,9.72,-9999.0,13.23,15.41,-25.36,-9999.0,-5.25,-9999.0,-8.76
1635,31.64,32.35,47.396767,8.510491,435.0,9181200.0,4.22,4.46,4.46,4.46,16.29,57.81,-9999.0,9.72,-9999.0,13.23,15.35,-25.46,-9999.0,-5.26,-9999.0,-8.77
1640,31.57,32.15,47.396858,8.510094,435.4,9181700.0,4.25,4.5,4.5,4.5,16.29,57.81,-9999.0,9.72,-9999.0,13.23,15.28,-25.66,-9999.0,-5.22,-9999.0,-8.73
1645,31.38,32.07,47.396976,8.509757,433.8,9182200.0,4.19,4.43,4.43,4.43,16.29,57.81,-9999.0,9.72,-9999.0,13.23,15.09,-25.74,-9999.0,-5.29,-9999.0,-8.8
1650,31.32,32.46,47.397087,8.509386,433.0,9182700.0,3.95,4.18,4.18,4.18,16.29,57.81,-9999.0,9.72,-9999.0,13.23,15.03,-25.35,-9999.0,-5.54,-9999.0,-9.05
1655,31.27,32.38,47.397205,8.508998,435.3,9183200.0,3.9,4.13,4.13,4.13,16.29,57.81,-9999.0,9.72,-9999.0,13.23,14.98,-25.43,-9999.0,-5.59,-9999.0,-9.1
1660,31.3,32.48,47.397331,8.508635,435.3,9183700.0,4.01,4.24,4.24,4.24,16.29,57.81,-9999.0,9.72,-9999.0,13.23,15.01,-25.33,-9999.0,-5.48,-9999.0,-8.99
1665,31.24,32.87,47.397446,8.508371,436.9,9184100.0,4.07,4.31,4.31,4.31,16.29,57.81,-9999.0,9.72,-9999.0,13.23,14.95,-24.94,-9999.0,-5.41,-9999.0,-8.92
1670,31.24,33.46,47.397575,8.508054,440.0,9184600.0,3.97,4.19,4.19,4.19,16.29,57.81,-9999.0,9.72,-9999.0,13.23,14.95,-24.35,-9999.0,-5.53,-9999.0,-9.04
1675,31.37,33.74,47.39772,8.507758,442.4,9185100.0,3.91,4.13,4.13,4.13,16.29,57.81,-9999.0,9.72,-9999.0,13.23,15.08,-24.07,-9999.0,-5.59,-9999.0,-9.1
1680,31.32,33.54,47.397869,8.507499,443.1,9185600.0,3.95,4.18,4.18,4.18,16.29,57.81,-9999.0,9.72,-9999.0,13.23,15.03,-24.27,-9999.0,-5.54,-9999.0,-9.05
1685,31.44,33.25,47.39801,8.507171,446.1,9190100.0,4.03,4.26,4.26,4.26,16.29,57.81,-9999.0,9.72,-9999.0,13.23,15.15,-24.56,-9999.0,-5.46,-9999.0,-8.97
1690,31.49,32.95,47.398155,8.50689,448.1,9190600.0,4.14,4.38,4.38,4.38,16.29,57.81,-9999.0,9.72,-9999.0,13.23,15.2,-24.86,-9999.0,-5.34,-9999.0,-8.85
1695,31.56,32.94,47.398308,8.50663,447.9,9191100.0,4.18,4.42,4.42,4.42,16.29,57.81,-9999.0,9.72,-9999.0,13.23,15.27,-24.87,-9999.0,-5.3,-9999.0,-8.81
1700,31.68,33.14,47.398464,8.506329,448.5,9191600.0,3.94,4.17,4.17,4.17,16.29,57.81,-9999.0,9.72,-9999.0,13.23,15.39,-24.67,-9999.0,-5.55,-9999.0,-9.06
1705,31.66,33.04,47.398632,8.506007,451.6,9192100.0,4.01,4.24,4.24,4.24,16.29,57.81,-9999.0,9.72,-9999.0,13.23,15.37,-24.77,-9999.0,-5.48,-9999.0,-8.99
1710,31.63,32.94,47.398811,8.505702,453.7,9192600.0,4.26,4.51,4.51,4.51,16.29,57.81,-9999.0,9.72,-9999.0,13.23,15.34,-24.87,-9999.0,-5.21,-9999.0,-8.72
1715,31.08,32.78,47.399048,8.50555,454.9,9193100.0,4.42,4.68,4.68,4.68,16.29,57.81,-9999.0,9.72,-9999.0,13.23,14.79,-25.03,-9999.0,-5.04,-9999.0,-8.55
1720,30.55,33.12,47.3993,8.505508,454.8,9193600.0,4.51,4.77,4.77,4.77,16.29,57.81,-9999.0,9.72,-9999.0,13.23,14.26,-24.69,-9999.0,-4.95,-9999.0,-8.46
1725,30.26,34.11,47.39949,8.505428,455.7,9194100.0,4.61,4.87,4.87,4.87,16.29,57.81,-9999.0,9.72,-9999.0,13.23,13.97,-23.7,-9999.0,-4.85,-9999.0,-8.36
1730,30.15,34.61,47.399681,8.505218,456.7,9194600.0,4.76,5.04,5.04,5.04,16.29,57.81,-9999.0,9.72,-9999.0,13.23,13.86,-23.2,-9999.0,-4.68,-9999.0,-8.19
1735,30.26,34.61,47.399822,8.504876,457.8,9195100.0,4.62,4.89,4.89,4.89,16.29,57.81,-9999.0,9.72,-9999.0,13.23,13.97,-23.2,-9999.0,-4.83,-9999.0,-8.34
1740,30.3,34.89,47.399971,8.504539,457.8,9195600.0,4.44,4.7,4.7,4.7,16.29,57.81,-9999.0,9.72,-9999.0,13.23,14.01,-22.92,-9999.0,-5.02,-9999.0,-8.53
1745,30.55,35.26,47.400116,8.504236,457.1,9200100.0,4.78,5.05,5.05,5.05,16.29,57.81,-9999.0,9.72,-9999.0,13.23,14.26,-22.55,-9999.0,-4.67,-9999.0,-8.18
1750,30.77,34.77,47.400272,8.503955,456.3,9200600.0,5.1,5.39,5.39,5.39,16.29,57.81,-9999.0,9.72,-9999.0,13.23,14.48,-23.04,-9999.0,-4.33,-9999.0,-7.84
1755,30.9,34.36,47.400452,8.503681,457.4,9201100.0,5.2,5.5,5.5,5.5,16.29,57.81,-9999.0,9.72,-9999.0,13.23,14.61,-23.45,-9999.0,-4.22,-9999.0,-7.73
1760,31.04,34.25,47.4006,8.503432,458.5,9201600.0,5.25,5.56,5.56,5.56,16.29,57.81,-9999.0,9.72,-9999.0,13.23,14.75,-23.56,-9999.0,-4.16,-9999.0,-7.67
1765,31.14,33.65,47.400742,8.503117,459.2,9202100.0,5.46,5.78,5.78,5.78,16.29,57.81,-9999.0,9.72,-9999.0,13.23,14.85,-24.16,-9999.0,-3.94,-9999.0,-7.45
1770,31.26,33.54,47.400848,8.502815,460.6,9202600.0,5.31,5.62,5.62,5.62,16.29,57.81,-9999.0,9.72,-9999.0,13.23,14.97,-24.27,-9999.0,-4.1,-9999.0,-7.61
1775,31.51,33.43,47.400967,8.502478,462.4,9203100.0,4.9,5.18,5.18,5.18,16.29,57.81,-9999.0,9.72,-9999.0,13.23,15.22,-24.38,-9999.0,-4.54,-9999.0,-8.05
1780,31.54,33.44,47.401093,8.5022,461.2,9203600.0,4.7,4.97,4.97,4.97,16.29,57.81,-9999.0,9.72,-9999.0,13.23,15.25,-24.37,-9999.0,-4.75,-9999.0,-8.26
1785,31.45,33.05,47.401234,8.501864,459.6,9204100.0,4.6,4.86,4.86,4.86,16.29,57.81,-9999.0,9.72,-9999.0,13.23,15.16,-24.76,-9999.0,-4.86,-9999.0,-8.37
1790,31.33,32.56,47.401394,8.501594,455.7,9204600.0,4.65,4.92,4.92,4.92,16.29,57.81,-9999.0,9.72,-9999.0,13.23,15.04,-25.25,-9999.0,-4.8,-9999.0,-8.31
1795,31.12,32.78,47.401543,8.501576,455.4,9205100.0,4.61,4.88,4.88,4.88,16.29,57.81,-9999.0,9.72,-9999.0,13.23,14.83,-25.03,-9999.0,-4.84,-9999.0,-8.35
1800,30.67,33.1,47.401711,8.501672,456.5,9205600.0,4.61,4.88,4.88,4.88,16.29,57.81,-9999.0,9.72,-9999.0,13.23,14.38,-24.71,-9999.0,-4.84,-9999.0,-8.35
1805,30.18,33.82,47.401878,8.501758,455.7,9210100.0,5.34,5.65,5.65,5.65,16.29,57.81,-9999.0,9.72,-9999.0,13.23,13.89,-23.99,-9999.0,-4.07,-9999.0,-7.58
1810,29.84,34.33,47.401974,8.501837,458.4,9210600.0,5.65,5.97,5.97,5.97,16.29,57.81,-9999.0,9.72,-9999.0,13.23,13.55,-23.48,-9999.0,-3.75,-9999.0,-7.26
1815,29.61,35.23,47.401932,8.501944,462.0,9211100.0,5.6,5.92,5.92,5.92,16.29,57.81,-9999.0,9.72,-9999.0,13.23,13.32,-22.58,-9999.0,-3.8,-9999.0,-7.31
1820,29.24,35.56,47.401848,8.502106,466.1,9211600.0,5.38,5.69,5.69,5.69,16.29,57.81,-9999.0,9.72,-9999.0,13.23,12.95,-22.25,-9999.0,-4.03,-9999.0,-7.54
1825,29.13,35.96,47.401749,8.502219,469.6,9212100.0,5.06,5.35,5.35,5.35,16.29,57.81,-9999.0,9.72,-9999.0,13.23,12.84,-21.85,-9999.0,-4.37,-9999.0,-7.88
1830,28.86,35.97,47.401707,8.502393,472.9,9212600.0,4.91,5.19,5.19,5.19,16.29,57.81,-9999.0,9.72,-9999.0,13.23,12.57,-21.84,-9999.0,-4.53,-9999.0,-8.04
1835,28.71,36.38,47.401604,8.50266,474.1,9213100.0,4.78,5.05,5.05,5.05,16.29,57.81,-9999.0,9.72,-9999.0,13.23,12.42,-21.43,-9999.0,-4.67,-9999.0,-8.18
1840,28.38,36.42,47.401501,8.50298,474.9,9213600.0,4.54,4.81,4.81,4.81,16.29,57.81,-9999.0,9.72,-9999.0,13.23,12.09,-21.39,-9999.0,-4.91,-9999.0,-8.42
1845,27.94,36.44,47.401405,8.503284,476.9,9214100.0,4.26,4.51,4.51,4.51,16.29,57.81,-9999.0,9.72,-9999.0,13.23,11.65,-21.37,-9999.0,-5.21,-9999.0,-8.72
1850,27.87,36.95,47.401283,8.503572,477.4,9214600.0,4.18,4.42,4.42,4.42,16.29,57.81,-9999.0,9.72,-9999.0,13.23,11.58,-20.86,-9999.0,-5.3,-9999.0,-8.81
1855,27.5,37.26,47.40107,8.503818,476.4,9215100.0,4.03,4.26,4.26,4.26,16.29,57.81,-9999.0,9.72,-9999.0,13.23,11.21,-20.55,-9999.0,-5.46,-9999.0,-8.97
1860,27.2,37.77,47.400875,8.504138,474.5,9215600.0,3.96,4.19,4.19,4.19,16.29,57.81,-9999.0,9.72,-9999.0,13.23,10.91,-20.04,-9999.0,-5.53,-9999.0,-9.04
1865,27.03,38.78,47.400673,8.50444,472.3,9220100.0,3.91,4.13,4.13,4.13,16.29,57.81,-9999.0,9.72,-9999.0,13.23,10.74,-19.03,-9999.0,-5.59,-9999.0,-9.1
1870,26.83,39.29,47.400551,8.504588,470.3,9220600.0,3.84,4.06,4.06,4.06,16.29,57.81,-9999.0,9.72,-9999.0,13.23,10.54,-18.52,-9999.0,-5.66,-9999.0,-9.17
1875,26.61,38.9,47.400383,8.504953,470.8,9221100.0,3.73,3.94,3.94,3.94,16.29,57.81,-9999.0,9.72,-9999.0,13.23,10.32,-18.91,-9999.0,-5.78,-9999.0,-9.29
1880,26.6,39.02,47.400265,8.505203,470.0,9221600.0,3.46,3.66,3.66,3.66,16.29,57.81,-9999.0,9.72,-9999.0,13.23,10.31,-18.79,-9999.0,-6.06,-9999.0,-9.57
1885,26.52,39.91,47.400146,8.505486,473.0,9222100.0,3.3,3.49,3.49,3.49,16.29,57.81,-9999.0,9.72,-9999.0,13.23,10.23,-17.9,-9999.0,-6.23,-9999.0,-9.74
1890,26.56,40.2,47.400043,8.505724,473.7,9222600.0,3.6,3.81,3.81,3.81,16.29,57.81,-9999.0,9.72,-9999.0,13.23,10.27,-17.61,-9999.0,-5.91,-9999.0,-9.42
1895,26.43,40.11,47.399963,8.505926,474.7,9223100.0,3.93,4.16,4.16,4.16,16.29,57.81,-9999.0,9.72,-9999.0,13.23,10.14,-17.7,-9999.0,-5.56,-9999.0,-9.07
1900,26.34,40.33,47.399899,8.506123,477.0,9223600.0,3.98,4.21,4.21,4.21,16.29,57.81,-9999.0,9.72,-9999.0,13.23,10.05,-17.48,-9999.0,-5.51,-9999.0,-9.02
1905,26.46,40.9,47.39999,8.50631,478.1,9224100.0,4.02,4.25,4.25,4.25,16.29,57.81,-9999.0,9.72,-9999.0,13.23,10.17,-16.91,-9999.0,-5.47,-9999.0,-8.98
1910,26.61,41.49,47.400124,8.506422,478.7,9224600.0,4.08,4.31,4.31,4.31,16.29,57.81,-9999.0,9.72,-9999.0,13.23,10.32,-16.32,-9999.0,-5.41,-9999.0,-8.92
1915,26.86,40.76,47.400253,8.50643,476.4,9225100.0,4.28,4.52,4.52,4.52,16.29,57.81,-9999.0,9.72,-9999.0,13.23,10.57,-17.05,-9999.0,-5.2,-9999.0,-8.71
1920,27.31,40.84,47.400372,8.506367,474.9,9225600.0,4.27,4.51,4.51,4.51,16.29,57.81,-9999.0,9.72,-9999.0,13.23,11.02,-16.97,-9999.0,-5.21,-9999.0,-8.72
1925,27.75,40.58,47.40049,8.506297,475.8,9230100.0,4.22,4.46,4.46,4.46,16.29,57.81,-9999.0,9.72,-9999.0,13.23,11.46,-17.23,-9999.0,-5.26,-9999.0,-8.77
1930,28.38,39.78,47.400612,8.506218,479.1,9230600.0,4.26,4.5,4.5,4.5,16.29,57.81,-9999.0,9.72,-9999.0,13.23,12.09,-18.03,-9999.0,-5.22,-9999.0,-8.73
1935,28.86,39.15,47.400742,8.506122,479.0,9231100.0,4.33,4.58,4.58,4.58,16.29,57.81,-9999.0,9.72,-9999.0,13.23,12.57,-18.66,-9999.0,-5.14,-9999.0,-8.65
1940,29.36,38.51,47.400871,8.506017,474.9,9231600.0,4.18,4.42,4.42,4.42,16.29,57.81,-9999.0,9.72,-9999.0,13.23,13.07,-19.3,-9999.0,-5.3,-9999.0,-8.81
1945,29.59,37.79,47.401005,8.505925,474.6,9232100.0,4.21,4.45,4.45,4.45,16.29,57.81,-9999.0,9.72,-9999.0,13.23,13.3,-20.02,-9999.0,-5.27,-9999.0,-8.78
1950,29.92,36.88,47.401119,8.505857,475.7,9232600.0,4.22,4.46,4.46,4.46,16.29,57.81,-9999.0,9.72,-9999.0,13.23,13.63,-20.93,-9999.0,-5.26,-9999.0,-8.77
1955,30.32,36.08,47.401226,8.505774,477.2,9233100.0,4.08,4.31,4.31,4.31,16.29,57.81,-9999.0,9.72,-9999.0,13.23,14.03,-21.73,-9999.0,-5.41,-9999.0,-8.92
1960,30.56,35.28,47.401333,8.505677,479.1,9233600.0,4.09,4.33,4.33,4.33,16.29,57.81,-9999.0,9.72,-9999.0,13.23,14.27,-22.53,-9999.0,-5.39,-9999.0,-8.9
1965,30.83,34.56,47.40144,8.505569,480.1,9234100.0,4.31,4.56,4.56,4.56,16.29,57.81,-9999.0,9.72,-9999.0,13.23,14.54,-23.25,-9999.0,-5.16,-9999.0,-8.67
1970,31.32,34.62,47.401535,8.505462,482.0,9234600.0,4.38,4.64,4.64,4.64,16.29,57.81,-9999.0,9.72,-9999.0,13.23,15.03,-23.19,-9999.0,-5.08,-9999.0,-8.59
1975,31.7,33.72,47.401627,8.505413,482.8,9235100.0,4.25,4.49,4.49,4.49,16.29,57.81,-9999.0,9.72,-9999.0,13.23,15.41,-24.09,-9999.0,-5.23,-9999.0,-8.74
1980,32.19,33.5,47.401707,8.505305,483.5,9235600.0,4.27,4.51,4.51,4.51,16.29,57.81,-9999.0,9.72,-9999.0,13.23,15.9,-24.31,-9999.0,-5.21,-9999.0,-8.72
1985,32.55,32.7,47.401833,8.505102,472.6,9240100.0,4.5,4.75,4.75,4.75,16.29,57.81,-9999.0,9.72,-9999.0,13.23,16.26,-25.11,-9999.0,-4.97,-9999.0,-8.48
1990,32.6,32.29,47.402012,8.504832,458.1,9240600.0,4.39,4.64,4.64,4.64,16.29,57.81,-9999.0,9.72,-9999.0,13.23,16.31,-25.52,-9999.0,-5.08,-9999.0,-8.59
1995,32.53,31.99,47.402142,8.504411,451.7,9241100.0,4.25,4.49,4.49,4.49,16.29,57.81,-9999.0,9.72,-9999.0,13.23,16.24,-25.82,-9999.0,-5.23,-9999.0,-8.74
2000,32.21,31.81,47.402283,8.50393,448.7,9241600.0,4.34,4.59,4.59,4.59,16.29,57.81,-9999.0,9.72,-9999.0,13.23,15.92,-26.000000000000004,-9999.0,-5.13,-9999.0,-8.64
2005,32.04,31.93,47.402386,8.503475,449.6,9242100.0,4.42,4.67,4.67,4.67,16.29,57.81,-9999.0,9.72,-9999.0,13.23,15.75,-25.88,-9999.0,-5.05,-9999.0,-8.56
2010,32.02,32.04,47.402374,8.503207,447.2,9242600.0,4.39,4.64,4.64,4.64,16.29,57.81,-9999.0,9.72,-9999.0,13.23,15.73,-25.77,-9999.0,-5.08,-9999.0,-8.59
2015,31.67,31.67,47.402206,8.502771,445.6,9243100.0,4.36,4.61,4.61,4.61,16.29,57.81,-9999.0,9.72,-9999.0,13.23,15.38,-26.14,-9999.0,-5.11,-9999.0,-8.62
2020,31.34,31.48,47.40218,8.502169,443.8,9243600.0,6.27,6.63,6.63,6.63,16.29,57.81,-9999.0,9.72,-9999.0,13.23,15.05,-26.33,-9999.0,-3.09,-9999.0,-6.6
2025,30.97,31.71,47.402077,8.501649,439.0,9244100.0,6.32,6.68,6.68,6.68,16.29,57.81,-9999.0,9.72,-9999.0,13.23,14.68,-26.1,-9999.0,-3.04,-9999.0,-6.55
2030,30.51,31.94,47.401871,8.501401,440.9,9244600.0,5.94,6.28,6.28,6.28,16.29,57.81,-9999.0,9.72,-9999.0,13.23,14.22,-25.87,-9999.0,-3.44,-9999.0,-6.95
2035,29.65,32.57,47.401669,8.501124,441.1,9245100.0,5.56,5.88,5.88,5.88,16.29,57.81,-9999.0,9.72,-9999.0,13.23,13.36,-25.24,-9999.0,-3.84,-9999.0,-7.35
2040,29.4,33.67,47.401592,8.50096,440.3,9245600.0,5.09,5.39,5.39,5.39,16.29,57.81,-9999.0,9.72,-9999.0,13.23,13.11,-24.14,-9999.0,-4.33,-9999.0,-7.84
2045,29.36,34.36,47.401711,8.500707,439.4,9250100.0,4.87,5.15,5.15,5.15,16.29,57.81,-9999.0,9.72,-9999.0,13.23,13.07,-23.45,-9999.0,-4.57,-9999.0,-8.08
2050,29.55,34.36,47.401871,8.500445,439.5,9250600.0,4.59,4.85,4.85,4.85,16.29,57.81,-9999.0,9.72,-9999.0,13.23,13.26,-23.45,-9999.0,-4.87,-9999.0,-8.38
2055,29.49,34.25,47.401905,8.50036,440.7,9251100.0,4.4,4.66,4.66,4.66,16.29,57.81,-9999.0,9.72,-9999.0,13.23,13.2,-23.56,-9999.0,-5.06,-9999.0,-8.57
2060,29.44,34.36,47.401802,8.500506,449.8,9251600.0,4.35,4.6,4.6,4.6,16.29,57.81,-9999.0,9.72,-9999.0,13.23,13.15,-23.45,-9999.0,-5.12,-9999.0,-8.63
2065,29.15,34.59,47.401653,8.500818,453.7,9252100.0,4.27,4.51,4.51,4.51,16.29,57.81,-9999.0,9.72,-9999.0,13.23,12.86,-23.22,-9999.0,-5.21,-9999.0,-8.72
2070,28.69,35.2,47.401493,8.50115,456.8,9252600.0,4.03,4.26,4.26,4.26,16.29,57.81,-9999.0,9.72,-9999.0,13.23,12.4,-22.61,-9999.0,-5.46,-9999.0,-8.97
2075,28.3,35.63,47.401333,8.501489,457.3,9253100.0,4.0,4.23,4.23,4.23,16.29,57.81,-9999.0,9.72,-9999.0,13.23,12.01,-22.18,-9999.0,-5.49,-9999.0,-9.0
2080,28.03,35.94,47.401165,8.501807,461.1,9253600.0,4.02,4.25,4.25,4.25,16.29,57.81,-9999.0,9.72,-9999.0,13.23,11.74,-21.87,-9999.0,-5.47,-9999.0,-8.98
2085,27.79,36.65,47.401016,8.502117,460.7,9254100.0,4.07,4.3,4.3,4.3,16.29,57.81,-9999.0,9.72,-9999.0,13.23,11.5,-21.16,-9999.0,-5.42,-9999.0,-8.93
2090,27.5,37.58,47.400837,8.502449,461.4,9254600.0,3.97,4.2,4.2,4.2,16.29,57.81,-9999.0,9.72,-9999.0,13.23,11.21,-20.23,-9999.0,-5.52,-9999.0,-9.03
2095,27.08,38.39,47.400681,8.502685,459.2,9255100.0,3.87,4.1,4.1,4.1,16.29,57.81,-9999.0,9.72,-9999.0,13.23,10.79,-19.42,-9999.0,-5.62,-9999.0,-9.13
2100,26.86,39.5,47.400551,8.502975,460.8,9255600.0,3.94,4.17,4.17,4.17,16.29,57.81,-9999.0,9.72,-9999.0,13.23,10.57,-18.31,-9999.0,-5.55,-9999.0,-9.06
2105,26.6,40.01,47.400352,8.503366,462.3,9260100.0,3.75,3.96,3.96,3.96,16.29,57.81,-9999.0,9.72,-9999.0,13.23,10.31,-17.8,-9999.0,-5.76,-9999.0,-9.27
2110,26.39,40.33,47.400112,8.503859,463.5,9260600.0,3.68,3.89,3.89,3.89,16.29,57.81,-9999.0,9.72,-9999.0,13.23,10.1,-17.48,-9999.0,-5.83,-9999.0,-9.34
2115,26.11,40.25,47.399918,8.50423,465.5,9261000.0,3.52,3.72,3.72,3.72,16.29,57.81,-9999.0,9.72,-9999.0,13.23,9.82,-17.56,-9999.0,-6.0,-9999.0,-9.51
2120,26.07,40.76,47.399719,8.504662,463.7,9261500.0,3.46,3.66,3.66,3.66,16.29,57.81,-9999.0,9.72,-9999.0,13.23,9.78,-17.05,-9999.0,-6.06,-9999.0,-9.57
2125,25.98,41.33,47.399502,8.505098,464.4,9262000.0,3.64,3.84,3.84,3.84,16.29,57.81,-9999.0,9.72,-9999.0,13.23,9.69,-16.48,-9999.0,-5.88,-9999.0,-9.39
2130,25.78,41.55,47.399323,8.505459,465.9,9262500.0,3.72,3.93,3.93,3.93,16.29,57.81,-9999.0,9.72,-9999.0,13.23,9.49,-16.26,-9999.0,-5.79,-9999.0,-9.3
2135,25.64,41.46,47.399143,8.505675,464.7,9263000.0,3.89,4.12,4.12,4.12,16.29,57.81,-9999.0,9.72,-9999.0,13.23,9.35,-16.35,-9999.0,-5.6,-9999.0,-9.11
2140,25.56,42.07,47.39896,8.50589,464.6,9263500.0,4.04,4.27,4.27,4.27,16.29,57.81,-9999.0,9.72,-9999.0,13.23,9.27,-15.74,-9999.0,-5.45,-9999.0,-8.96
2145,25.51,41.87,47.398857,8.506131,465.0,9264000.0,4.21,4.45,4.45,4.45,16.29,57.81,-9999.0,9.72,-9999.0,13.23,9.22,-15.94,-9999.0,-5.27,-9999.0,-8.78
2150,25.51,41.97,47.398777,8.506397,468.1,9264500.0,4.14,4.37,4.37,4.37,16.29,57.81,-9999.0,9.72,-9999.0,13.23,9.22,-15.84,-9999.0,-5.35,-9999.0,-8.86
2155,25.28,42.09,47.398678,8.506685,469.5,9265000.0,3.98,4.21,4.21,4.21,16.29,57.81,-9999.0,9.72,-9999.0,13.23,8.99,-15.72,-9999.0,-5.51,-9999.0,-9.02
2160,25.12,42.51,47.398582,8.506963,471.0,9265500.0,4.04,4.27,4.27,4.27,16.29,57.81,-9999.0,9.72,-9999.0,13.23,8.83,-15.3,-9999.0,-5.45,-9999.0,-8.96
2165,25.15,42.71,47.398483,8.507227,472.7,9270000.0,4.14,4.38,4.38,4.38,16.29,57.81,-9999.0,9.72,-9999.0,13.23,8.86,-15.1,-9999.0,-5.34,-9999.0,-8.85
2170,24.97,42.31,47.398369,8.507504,473.5,9270500.0,4.1,4.34,4.34,4.34,16.29,57.81,-9999.0,9.72,-9999.0,13.23,8.68,-15.5,-9999.0,-5.38,-9999.0,-8.89
2175,24.81,41.83,47.398243,8.507814,479.9,9271000.0,4.09,4.33,4.33,4.33,16.29,57.81,-9999.0,9.72,-9999.0,13.23,8.52,-15.98,-9999.0,-5.39,-9999.0,-8.9
2180,24.7,42.33,47.398102,8.50815,483.9,9271500.0,4.24,4.48,4.48,4.48,16.29,57.81,-9999.0,9.72,-9999.0,13.23,8.41,-15.48,-9999.0,-5.24,-9999.0,-8.75
2185,24.55,42.65,47.397945,8.50846,485.5,9272000.0,4.39,4.65,4.65,4.65,16.29,57.81,-9999.0,9.72,-9999.0,13.23,8.26,-15.16,-9999.0,-5.07,-9999.0,-8.58
2190,24.52,42.86,47.397804,8.5088,484.5,9272500.0,4.68,4.95,4.95,4.95,16.29,57.81,-9999.0,9.72,-9999.0,13.23,8.23,-14.95,-9999.0,-4.77,-9999.0,-8.28
2195,24.34,43.57,47.397694,8.509145,485.0,9273000.0,4.9,5.18,5.18,5.18,16.29,57.81,-9999.0,9.72,-9999.0,13.23,8.05,-14.24,-9999.0,-4.54,-9999.0,-8.05
2200,24.23,44.06,47.397575,8.509514,484.3,9273500.0,4.86,5.14,5.14,5.14,16.29,57.81,-9999.0,9.72,-9999.0,13.23,7.94,-13.75,-9999.0,-4.58,-9999.0,-8.09
2205,24.19,44.28,47.397449,8.509887,483.1,9274000.0,4.76,5.04,5.04,5.04,16.29,57.81,-9999.0,9.72,-9999.0,13.23,7.9,-13.53,-9999.0,-4.68,-9999.0,-8.19
2210,24.07,44.18,47.397335,8.510267,482.4,9274500.0,4.59,4.86,4.86,4.86,16.29,57.81,-9999.0,9.72,-9999.0,13.23,7.78,-13.63,-9999.0,-4.86,-9999.0,-8.37
2215,24.1,43.59,47.397224,8.510659,482.1,9275000.0,4.36,4.61,4.61,4.61,16.29,57.81,-9999.0,9.72,-9999.0,13.23,7.81,-14.22,-9999.0,-5.11,-9999.0,-8.62
2220,23.97,43.8,47.397133,8.511069,481.1,9275500.0,4.31,4.55,4.55,4.55,16.29,57.81,-9999.0,9.72,-9999.0,13.23,7.68,-14.01,-9999.0,-5.17,-9999.0,-8.68
2225,23.81,44.23,47.397064,8.511539,477.8,9280000.0,4.36,4.61,4.61,4.61,16.29,57.81,-9999.0,9.72,-9999.0,13.23,7.52,-13.58,-9999.0,-5.11,-9999.0,-8.62
2230,23.82,45.0,47.397011,8.512084,475.7,9280500.0,4.53,4.79,4.79,4.79,16.29,57.81,-9999.0,9.72,-9999.0,13.23,7.53,-12.81,-9999.0,-4.93,-9999.0,-8.44
2235,23.91,45.5,47.396965,8.51265,472.9,9281000.0,4.59,4.85,4.85,4.85,16.29,57.81,-9999.0,9.72,-9999.0,13.23,7.62,-12.31,-9999.0,-4.87,-9999.0,-8.38
2240,23.88,44.7,47.396938,8.513215,469.8,9281500.0,4.56,4.82,4.82,4.82,16.29,57.81,-9999.0,9.72,-9999.0,13.23,7.59,-13.11,-9999.0,-4.9,-9999.0,-8.41
2245,23.97,44.2,47.396954,8.513758,464.6,9282000.0,4.62,4.89,4.89,4.89,16.29,57.81,-9999.0,9.72,-9999.0,13.23,7.68,-13.61,-9999.0,-4.83,-9999.0,-8.34
2250,23.88,43.71,47.396965,8.51437,458.3,9282500.0,4.69,4.96,4.96,4.96,16.29,57.81,-9999.0,9.72,-9999.0,13.23,7.59,-14.1,-9999.0,-4.76,-9999.0,-8.27
2255,23.89,43.51,47.396938,8.514979,452.7,9283000.0,4.78,5.05,5.05,5.05,16.29,57.81,-9999.0,9.72,-9999.0,13.23,7.6,-14.3,-9999.0,-4.67,-9999.0,-8.18
2260,23.71,43.41,47.396877,8.515597,448.9,9283500.0,4.67,4.94,4.94,4.94,16.29,57.81,-9999.0,9.72,-9999.0,13.23,7.42,-14.4,-9999.0,-4.78,-9999.0,-8.29
2265,23.61,42.93,47.39682,8.516259,445.9,9284000.0,4.6,4.86,4.86,4.86,16.29,57.81,-9999.0,9.72,-9999.0,13.23,7.32,-14.88,-9999.0,-4.86,-9999.0,-8.37
2270,23.54,43.13,47.396759,8.516979,445.2,9284500.0,4.91,5.19,5.19,5.19,16.29,57.81,-9999.0,9.72,-9999.0,13.23,7.25,-14.68,-9999.0,-4.53,-9999.0,-8.04
2275,23.42,43.15,47.396687,8.517602,444.4,9285000.0,4.92,5.2,5.2,5.2,16.29,57.81,-9999.0,9.72,-9999.0,13.23,7.13,-14.66,-9999.0,-4.52,-9999.0,-8.03
2280,23.36,42.95,47.396595,8.518133,446.7,9285500.0,4.91,5.2,5.2,5.2,16.29,57.81,-9999.0,9.72,-9999.0,13.23,7.07,-14.86,-9999.0,-4.52,-9999.0,-8.03
2285,23.25,43.17,47.396507,8.518667,447.8,9290000.0,4.81,5.09,5.09,5.09,16.29,57.81,-9999.0,9.72,-9999.0,13.23,6.96,-14.64,-9999.0,-4.63,-9999.0,-8.14
2290,23.28,43.37,47.396385,8.519332,448.7,9290500.0,4.64,4.91,4.91,4.91,16.29,57.81,-9999.0,9.72,-9999.0,13.23,6.99,-14.44,-9999.0,-4.81,-9999.0,-8.32
2295,23.23,44.27,47.396278,8.519922,452.0,9291000.0,4.83,5.11,5.11,5.11,16.29,57.81,-9999.0,9.72,-9999.0,13.23,6.94,-13.54,-9999.0,-4.61,-9999.0,-8.12
2300,23.52,44.72,47.396355,8.52036,454.6,9291500.0,4.88,5.16,5.16,5.16,16.29,57.81,-9999.0,9.72,-9999.0,13.23,7.23,-13.09,-9999.0,-4.56,-9999.0,-8.07
2305,23.66,44.92,47.3964,8.52075,458.7,9292000.0,4.74,5.01,5.01,5.01,16.29,57.81,-9999.0,9.72,-9999.0,13.23,7.37,-12.89,-9999.0,-4.71,-9999.0,-8.22
2310,23.88,43.8,47.396435,8.521104,463.4,9292500.0,4.51,4.76,4.76,4.76,16.29,57.81,-9999.0,9.72,-9999.0,13.23,7.59,-14.01,-9999.0,-4.96,-9999.0,-8.47
2315,24.04,43.01,47.396465,8.521464,468.6,9293000.0,4.28,4.53,4.53,4.53,16.29,57.81,-9999.0,9.72,-9999.0,13.23,7.75,-14.8,-9999.0,-5.19,-9999.0,-8.7
2320,24.01,42.29,47.396484,8.521792,468.2,9293500.0,4.18,4.43,4.43,4.43,16.29,57.81,-9999.0,9.72,-9999.0,13.23,7.72,-15.52,-9999.0,-5.29,-9999.0,-8.8
2325,24.19,41.89,47.3965,8.522112,467.6,9294000.0,4.32,4.57,4.57,4.57,16.29,57.81,-9999.0,9.72,-9999.0,13.23,7.9,-15.92,-9999.0,-5.15,-9999.0,-8.66
2330,24.21,41.79,47.396519,8.52242,467.9,9294500.0,4.61,4.87,4.87,4.87,16.29,57.81,-9999.0,9.72,-9999.0,13.23,7.92,-16.02,-9999.0,-4.85,-9999.0,-8.36
2335,24.21,41.87,47.39653,8.522743,468.8,9295000.0,5.01,5.29,5.29,5.29,16.29,57.81,-9999.0,9.72,-9999.0,13.23,7.92,-15.94,-9999.0,-4.43,-9999.0,-7.94
2340,24.36,41.67,47.396568,8.523066,469.9,9295500.0,4.97,5.26,5.26,5.26,16.29,57.81,-9999.0,9.72,-9999.0,13.23,8.07,-16.14,-9999.0,-4.46,-9999.0,-7.97
2345,24.22,41.58,47.396606,8.5234,471.0,9300000.0,4.68,4.94,4.94,4.94,16.29,57.81,-9999.0,9.72,-9999.0,13.23,7.93,-16.23,-9999.0,-4.78,-9999.0,-8.29
2350,24.44,41.77,47.396664,8.523718,471.4,9300500.0,4.27,4.51,4.51,4.51,16.29,57.81,-9999.0,9.72,-9999.0,13.23,8.15,-16.04,-9999.0,-5.21,-9999.0,-8.72
2355,24.66,41.75,47.39677,8.523715,470.5,9301000.0,4.32,4.57,4.57,4.57,16.29,57.81,-9999.0,9.72,-9999.0,13.23,8.37,-16.06,-9999.0,-5.15,-9999.0,-8.66
2360,25.08,41.61,47.396637,8.523789,470.0,9301500.0,4.4,4.66,4.66,4.66,16.29,57.81,-9999.0,9.72,-9999.0,13.23,8.79,-16.2,-9999.0,-5.06,-9999.0,-8.57
2365,25.04,40.92,47.396584,8.524066,467.4,9302000.0,4.23,4.47,4.47,4.47,16.29,57.81,-9999.0,9.72,-9999.0,13.23,8.75,-16.89,-9999.0,-5.25,-9999.0,-8.76
2370,25.21,40.12,47.396534,8.524351,464.4,9302500.0,4.0,4.23,4.23,4.23,16.29,57.81,-9999.0,9.72,-9999.0,13.23,8.92,-17.69,-9999.0,-5.49,-9999.0,-9.0
2375,25.01,39.73,47.396473,8.524764,462.5,9303000.0,3.77,3.99,3.99,3.99,16.29,57.81,-9999.0,9.72,-9999.0,13.23,8.72,-18.08,-9999.0,-5.73,-9999.0,-9.24
2380,24.99,39.53,47.396397,8.525202,459.2,9303500.0,3.51,3.72,3.72,3.72,16.29,57.81,-9999.0,9.72,-9999.0,13.23,8.7,-18.28,-9999.0,-6.0,-9999.0,-9.51
2385,24.91,39.43,47.396301,8.525685,457.1,9304000.0,3.29,3.48,3.48,3.48,16.29,57.81,-9999.0,9.72,-9999.0,13.23,8.62,-18.38,-9999.0,-6.24,-9999.0,-9.75
2390,24.96,39.45,47.396194,8.52625,454.8,9304500.0,3.73,3.95,3.95,3.95,16.29,57.81,-9999.0,9.72,-9999.0,13.23,8.67,-18.36,-9999.0,-5.77,-9999.0,-9.28
2395,25.11,39.43,47.396099,8.526596,452.5,9305000.0,3.83,4.05,4.05,4.05,16.29,57.81,-9999.0,9.72,-9999.0,13.23,8.82,-18.38,-9999.0,-5.67,-9999.0,-9.18
2400,25.18,39.71,47.395924,8.526551,449.6,9305500.0,3.89,4.12,4.12,4.12,16.29,57.81,-9999.0,9.72,-9999.0,13.23,8.89,-18.1,-9999.0,-5.6,-9999.0,-9.11
2405,25.64,39.59,47.395588,8.526181,447.6,9310000.0,4.38,4.63,4.63,4.63,16.29,57.81,-9999.0,9.72,-9999.0,13.23,9.35,-18.22,-9999.0,-5.09,-9999.0,-8.6
2410,25.77,39.17,47.395176,8.525802,444.8,9310500.0,4.88,5.16,5.16,5.16,16.29,57.81,-9999.0,9.72,-9999.0,13.23,9.48,-18.64,-9999.0,-4.56,-9999.0,-8.07
2415,25.95,38.56,47.394707,8.525504,441.7,9311000.0,5.05,5.34,5.34,5.34,16.29,57.81,-9999.0,9.72,-9999.0,13.23,9.66,-19.25,-9999.0,-4.38,-9999.0,-7.89
2420,26.07,38.36,47.394245,8.525142,437.6,9311500.0,5.21,5.51,5.51,5.51,16.29,57.81,-9999.0,9.72,-9999.0,13.23,9.78,-19.45,-9999.0,-4.21,-9999.0,-7.72
2425,26.01,38.56,47.393719,8.524803,434.4,9312000.0,5.36,5.67,5.67,5.67,16.29,57.81,-9999.0,9.72,-9999.0,13.23,9.72,-19.25,-9999.0,-4.05,-9999.0,-7.56
2430,26.05,38.85,47.3932,8.524564,431.0,9312500.0,5.6,5.92,5.92,5.92,16.29,57.81,-9999.0,9.72,-9999.0,13.23,9.76,-18.96,-9999.0,-3.8,-9999.0,-7.31
2435,26.12,38.74,47.392761,8.524351,428.5,9313000.0,5.59,5.91,5.91,5.91,16.29,57.81,-9999.0,9.72,-9999.0,13.23,9.83,-19.07,-9999.0,-3.81,-9999.0,-7.32
2440,26.33,38.84,47.392677,8.524138,425.8,9313500.0,5.5,5.81,5.81,5.81,16.29,57.81,-9999.0,9.72,-9999.0,13.23,10.04,-18.97,-9999.0,-3.91,-9999.0,-7.42
2445,26.71,38.9,47.3927,8.52398,423.2,9314000.0,5.33,5.64,5.64,5.64,16.29,57.81,-9999.0,9.72,-9999.0,13.23,10.42,-18.91,-9999.0,-4.08,-9999.0,-7.59
2450,27.4,39.06,47.392754,8.523712,421.7,9314500.0,5.12,5.41,5.41,5.41,16.29,57.81,-9999.0,9.72,-9999.0,13.23,11.11,-18.75,-9999.0,-4.31,-9999.0,-7.82
2455,27.94,38.61,47.392815,8.523433,419.3,9315000.0,4.96,5.24,5.24,5.24,16.29,57.81,-9999.0,9.72,-9999.0,13.23,11.65,-19.2,-9999.0,-4.48,-9999.0,-7.99
2460,28.44,37.49,47.392868,8.523012,421.5,9315500.0,4.69,4.96,4.96,4.96,16.29,57.81,-9999.0,9.72,-9999.0,13.23,12.15,-20.32,-9999.0,-4.76,-9999.0,-8.27
2465,28.89,36.86,47.392941,8.522505,420.9,9320000.0,4.51,4.77,4.77,4.77,16.29,57.81,-9999.0,9.72,-9999.0,13.23,12.6,-20.95,-9999.0,-4.95,-9999.0,-8.46
2470,29.17,35.86,47.393082,8.521923,419.6,9320500.0,4.33,4.58,4.58,4.58,16.29,57.81,-9999.0,9.72,-9999.0,13.23,12.88,-21.95,-9999.0,-5.14,-9999.0,-8.65
2475,29.36,35.25,47.393234,8.521395,418.3,9321000.0,4.47,4.72,4.72,4.72,16.29,57.81,-9999.0,9.72,-9999.0,13.23,13.07,-22.56,-9999.0,-5.000000000000001,-9999.0,-8.51
2480,29.56,34.84,47.393387,8.520933,416.3,9321500.0,4.6,4.87,4.87,4.87,16.29,57.81,-9999.0,9.72,-9999.0,13.23,13.27,-22.97,-9999.0,-4.85,-9999.0,-8.36
2485,29.66,34.44,47.393543,8.520474,416.0,9322000.0,4.9,5.18,5.18,5.18,16.29,57.81,-9999.0,9.72,-9999.0,13.23,13.37,-23.37,-9999.0,-4.54,-9999.0,-8.05
2490,29.78,34.34,47.393684,8.519988,415.1,9322500.0,5.34,5.65,5.65,5.65,16.29,57.81,-9999.0,9.72,-9999.0,13.23,13.49,-23.47,-9999.0,-4.07,-9999.0,-7.58
2495,29.84,34.53,47.393814,8.519541,413.3,9323000.0,5.46,5.78,5.78,5.78,16.29,57.81,-9999.0,9.72,-9999.0,13.23,13.55,-23.28,-9999.0,-3.94,-9999.0,-7.45
2500,30.03,34.03,47.393982,8.519058,413.4,9323500.0,5.38,5.69,5.69,5.69,16.29,57.81,-9999.0,9.72,-9999.0,13.23,13.74,-23.78,-9999.0,-4.03,-9999.0,-7.54
2505,30.11,33.82,47.394146,8.518577,414.9,9324000.0,5.11,5.4,5.4,5.4,16.29,57.81,-9999.0,9.72,-9999.0,13.23,13.82,-23.99,-9999.0,-4.32,-9999.0,-7.83
2510,30.13,33.62,47.394287,8.518097,414.8,9324500.0,4.88,5.16,5.16,5.16,16.29,57.81,-9999.0,9.72,-9999.0,13.23,13.84,-24.19,-9999.0,-4.56,-9999.0,-8.07
2515,30.28,33.72,47.394341,8.517561,413.5,9325000.0,4.7,4.97,4.97,4.97,16.29,57.81,-9999.0,9.72,-9999.0,13.23,13.99,-24.09,-9999.0,-4.75,-9999.0,-8.26
2520,30.26,33.82,47.394375,8.516969,412.0,9325500.0,4.81,5.09,5.09,5.09,16.29,57.81,-9999.0,9.72,-9999.0,13.23,13.97,-23.99,-9999.0,-4.63,-9999.0,-8.14
2525,30.37,34.2,47.394428,8.516395,411.5,9330000.0,4.93,5.21,5.21,5.21,16.29,57.81,-9999.0,9.72,-9999.0,13.23,14.08,-23.61,-9999.0,-4.51,-9999.0,-8.02
2530,30.24,34.41,47.394497,8.515823,410.0,9330500.0,5.01,5.3,5.3,5.3,16.29,57.81,-9999.0,9.72,-9999.0,13.23,13.95,-23.4,-9999.0,-4.42,-9999.0,-7.93
2535,30.07,34.43,47.394562,8.515293,408.2,9331000.0,4.91,5.19,5.19,5.19,16.29,57.81,-9999.0,9.72,-9999.0,13.23,13.78,-23.38,-9999.0,-4.53,-9999.0,-8.04
2540,29.99,33.84,47.394623,8.514803,406.7,9331500.0,4.94,5.23,5.23,5.23,16.29,57.81,-9999.0,9.72,-9999.0,13.23,13.7,-23.97,-9999.0,-4.49,-9999.0,-8.0
2545,29.89,33.15,47.394722,8.514336,405.5,9332000.0,5.05,5.34,5.34,5.34,16.29,57.81,-9999.0,9.72,-9999.0,13.23,13.6,-24.66,-9999.0,-4.38,-9999.0,-7.89
2550,29.87,32.65,47.394802,8.513842,403.6,9332500.0,4.92,5.2,5.2,5.2,16.29,57.81,-9999.0,9.72,-9999.0,13.23,13.58,-25.16,-9999.0,-4.52,-9999.0,-8.03
2555,29.96,32.56,47.394878,8.513375,403.2,9333000.0,4.93,5.21,5.21,5.21,16.29,57.81,-9999.0,9.72,-9999.0,13.23,13.67,-25.25,-9999.0,-4.51,-9999.0,-8.02
2560,29.95,32.86,47.394917,8.512981,403.5,9333500.0,5.0,5.29,5.29,5.29,16.29,57.81,-9999.0,9.72,-9999.0,13.23,13.66,-24.95,-9999.0,-4.43,-9999.0,-7.94
2565,30.0,34.03,47.394981,8.512625,402.5,9334000.0,4.78,5.05,5.05,5.05,16.29,57.81,-9999.0,9.72,-9999.0,13.23,13.71,-23.78,-9999.0,-4.67,-9999.0,-8.18
2570,30.14,34.9,47.395031,8.512274,406.2,9334500.0,4.57,4.83,4.83,4.83,16.29,57.81,-9999.0,9.72,-9999.0,13.23,13.85,-22.91,-9999.0,-4.89,-9999.0,-8.4
2575,30.4,34.69,47.395096,8.512007,404.0,9335000.0,4.63,4.89,4.89,4.89,16.29,57.81,-9999.0,9.72,-9999.0,13.23,14.11,-23.12,-9999.0,-4.83,-9999.0,-8.34
2580,30.51,34.1,47.395153,8.511685,405.6,9335500.0,4.62,4.89,4.89,4.89,16.29,57.81,-9999.0,9.72,-9999.0,13.23,14.22,-23.71,-9999.0,-4.83,-9999.0,-8.34
2585,30.35,33.8,47.395199,8.511219,401.8,9340000.0,4.76,5.03,5.03,5.03,16.29,57.81,-9999.0,9.72,-9999.0,13.23,14.06,-24.01,-9999.0,-4.69,-9999.0,-8.2
2590,30.35,33.92,47.395252,8.510735,397.8,9340500.0,4.7,4.97,4.97,4.97,16.29,57.81,-9999.0,9.72,-9999.0,13.23,14.06,-23.89,-9999.0,-4.75,-9999.0,-8.26
2595,30.28,33.61,47.395294,8.510188,397.6,9341000.0,4.64,4.91,4.91,4.91,16.29,57.81,-9999.0,9.72,-9999.0,13.23,13.99,-24.2,-9999.0,-4.81,-9999.0,-8.32
2600,30.43,32.53,47.395317,8.509616,397.7,9341500.0,4.46,4.72,4.72,4.72,16.29,57.81,-9999.0,9.72,-9999.0,13.23,14.14,-25.28,-9999.0,-5.000000000000001,-9999.0,-8.51
2605,30.21,32.93,47.395329,8.509023,401.0,9342000.0,4.45,4.71,4.71,4.71,16.29,57.81,-9999.0,9.72,-9999.0,13.23,13.92,-24.88,-9999.0,-5.01,-9999.0,-8.52
2610,30.03,32.17,47.395382,8.508526,403.4,9342500.0,4.31,4.56,4.56,4.56,16.29,57.81,-9999.0,9.72,-9999.0,13.23,13.74,-25.64,-9999.0,-5.16,-9999.0,-8.67
2615,30.02,32.56,47.395546,8.508424,402.9,9343000.0,4.1,4.34,4.34,4.34,16.29,57.81,-9999.0,9.72,-9999.0,13.23,13.73,-25.25,-9999.0,-5.38,-9999.0,-8.89
2620,30.13,32.84,47.395672,8.50833,403.0,9343500.0,3.88,4.1,4.1,4.1,16.29,57.81,-9999.0,9.72,-9999.0,13.23,13.84,-24.97,-9999.0,-5.62,-9999.0,-9.13
2625,30.4,32.23,47.395748,8.508229,401.4,9344000.0,3.7,3.91,3.91,3.91,16.29,57.81,-9999.0,9.72,-9999.0,13.23,14.11,-25.58,-9999.0,-5.81,-9999.0,-9.32
2630,30.71,31.82,47.395809,8.508081,401.9,9344500.0,3.67,3.88,3.88,3.88,16.29,57.81,-9999.0,9.72,-9999.0,13.23,14.42,-25.99,-9999.0,-5.84,-9999.0,-9.35
2635,31.05,31.89,47.395874,8.507935,403.0,9345000.0,3.77,3.99,3.99,3.99,16.29,57.81,-9999.0,9.72,-9999.0,13.23,14.76,-25.92,-9999.0,-5.73,-9999.0,-9.24
2640,31.41,31.68,47.395947,8.507784,403.1,9345500.0,4.16,4.39,4.39,4.39,16.29,57.81,-9999.0,9.72,-9999.0,13.23,15.12,-26.13,-9999.0,-5.33,-9999.0,-8.84
2645,31.74,31.65,47.396008,8.507587,405.0,9350000.0,4.51,4.77,4.77,4.77,16.29,57.81,-9999.0,9.72,-9999.0,13.23,15.45,-26.16,-9999.0,-4.95,-9999.0,-8.46
2650,32.04,31.14,47.396049,8.507431,409.0,9350400.0,4.71,4.98,4.98,4.98,16.29,57.81,-9999.0,9.72,-9999.0,13.23,15.75,-26.67,-9999.0,-4.74,-9999.0,-8.25
2655,32.2,30.44,47.396133,8.507257,408.5,9350900.0,4.8,5.08,5.08,5.08,16.29,57.81,-9999.0,9.72,-9999.0,13.23,15.91,-27.37,-9999.0,-4.64,-9999.0,-8.15
2660,32.45,30.15,47.396221,8.507106,407.9,9351400.0,4.66,4.93,4.93,4.93,16.29,57.81,-9999.0,9.72,-9999.0,13.23,16.16,-27.66,-9999.0,-4.79,-9999.0,-8.3
2665,32.7,30.23,47.396278,8.507007,407.8,9351900.0,4.48,4.74,4.74,4.74,16.29,57.81,-9999.0,9.72,-9999.0,13.23,16.41,-27.58,-9999.0,-4.98,-9999.0,-8.49
2670,32.91,30.02,47.396351,8.506853,407.6,9352400.0,4.47,4.73,4.73,4.73,16.29,57.81,-9999.0,9.72,-9999.0,13.23,16.62,-27.79,-9999.0,-4.99,-9999.0,-8.5
2675,33.2,29.42,47.396431,8.506662,408.1,9352900.0,4.43,4.69,4.69,4.69,16.29,57.81,-9999.0,9.72,-9999.0,13.23,16.91,-28.39,-9999.0,-5.03,-9999.0,-8.54
2680,33.42,29.21,47.396519,8.506476,408.8,9353400.0,4.27,4.52,4.52,4.52,16.29,57.81,-9999.0,9.72,-9999.0,13.23,17.13,-28.6,-9999.0,-5.2,-9999.0,-8.71
2685,33.55,28.42,47.396626,8.506322,410.1,9353900.0,4.18,4.42,4.42,4.42,16.29,57.81,-9999.0,9.72,-9999.0,13.23,17.26,-29.39,-9999.0,-5.3,-9999.0,-8.81
2690,33.55,28.22,47.396725,8.506139,411.1,9354400.0,4.2,4.44,4.44,4.44,16.29,57.81,-9999.0,9.72,-9999.0,13.23,17.26,-29.59,-9999.0,-5.28,-9999.0,-8.79
2695,33.62,28.12,47.396835,8.505968,411.2,9354900.0,4.25,4.49,4.49,4.49,16.29,57.81,-9999.0,9.72,-9999.0,13.23,17.33,-29.69,-9999.0,-5.23,-9999.0,-8.74
2700,33.7,27.93,47.396927,8.50578,412.2,9355400.0,4.17,4.41,4.41,4.41,16.29,57.81,-9999.0,9.72,-9999.0,13.23,17.41,-29.88,-9999.0,-5.31,-9999.0,-8.82
2705,34.04,27.9,47.397011,8.505613,411.9,9355900.0,4.0,4.23,4.23,4.23,16.29,57.81,-9999.0,9.72,-9999.0,13.23,17.75,-29.91,-9999.0,-5.49,-9999.0,-9.0
2710,34.35,27.59,47.397099,8.505446,413.6,9360400.0,3.88,4.1,4.1,4.1,16.29,57.81,-9999.0,9.72,-9999.0,13.23,18.06,-30.22,-9999.0,-5.62,-9999.0,-9.13
2715,34.47,27.11,47.397144,8.50533,416.1,9360900.0,3.91,4.14,4.14,4.14,16.29,57.81,-9999.0,9.72,-9999.0,13.23,18.18,-30.7,-9999.0,-5.58,-9999.0,-9.09
2720,34.29,26.91,47.397133,8.505306,419.3,9361400.0,3.79,4.01,4.01,4.01,16.29,57.81,-9999.0,9.72,-9999.0,13.23,18.0,-30.9,-9999.0,-5.71,-9999.0,-9.22
2725,34.03,26.73,47.397125,8.505278,421.6,9361900.0,3.65,3.86,3.86,3.86,16.29,57.81,-9999.0,9.72,-9999.0,13.23,17.74,-31.08,-9999.0,-5.86,-9999.0,-9.37
2730,33.74,27.15,47.397118,8.505248,424.0,9362400.0,3.55,3.75,3.75,3.75,16.29,57.81,-9999.0,9.72,-9999.0,13.23,17.45,-30.66,-9999.0,-5.97,-9999.0,-9.48
2735,33.52,28.22,47.39711,8.505224,426.5,9362900.0,3.38,3.58,3.58,3.58,16.29,57.81,-9999.0,9.72,-9999.0,13.23,17.23,-29.59,-9999.0,-6.14,-9999.0,-9.65
2740,33.26,27.06,47.397106,8.50523,430.5,9363400.0,3.42,3.62,3.62,3.62,16.29,57.81,-9999.0,9.72,-9999.0,13.23,16.97,-30.75,-9999.0,-6.1,-9999.0,-9.61
2745,33.35,27.55,47.397141,8.505181,433.3,9363900.0,3.58,3.78,3.78,3.78,16.29,57.81,-9999.0,9.72,-9999.0,13.23,17.06,-30.26,-9999.0,-5.94,-9999.0,-9.45
2750,33.57,28.61,47.397209,8.504995,433.7,9364400.0,3.63,3.84,3.84,3.84,16.29,57.81,-9999.0,9.72,-9999.0,13.23,17.28,-29.2,-9999.0,-5.88,-9999.0,-9.39
2755,33.62,29.1,47.397324,8.504754,435.1,9364900.0,3.54,3.74,3.74,3.74,16.29,57.81,-9999.0,9.72,-9999.0,13.23,17.33,-28.71,-9999.0,-5.98,-9999.0,-9.49
2760,33.54,29.88,47.397457,8.504493,436.9,9365400.0,3.19,3.37,3.37,3.37,16.29,57.81,-9999.0,9.72,-9999.0,13.23,17.25,-27.93,-9999.0,-6.35,-9999.0,-9.86
2765,33.44,30.09,47.397572,8.504235,438.9,9365900.0,2.92,3.09,3.09,3.09,16.29,57.81,-9999.0,9.72,-9999.0,13.23,17.15,-27.72,-9999.0,-6.63,-9999.0,-10.14
2770,33.2,29.61,47.397705,8.504019,436.7,9370400.0,2.78,2.94,2.94,2.94,16.29,57.81,-9999.0,9.72,-9999.0,13.23,16.91,-28.2,-9999.0,-6.78,-9999.0,-10.29
2775,33.01,29.32,47.39785,8.503719,434.7,9370900.0,2.8,2.96,2.96,2.96,16.29,57.81,-9999.0,9.72,-9999.0,13.23,16.72,-28.49,-9999.0,-6.76,-9999.0,-10.27
2780,32.75,28.75,47.39801,8.503427,433.0,9371400.0,2.97,3.14,3.14,3.14,16.29,57.81,-9999.0,9.72,-9999.0,13.23,16.46,-29.06,-9999.0,-6.58,-9999.0,-10.09
2785,32.6,28.96,47.398106,8.503209,431.4,9371900.0,3.14,3.32,3.32,3.32,16.29,57.81,-9999.0,9.72,-9999.0,13.23,16.31,-28.85,-9999.0,-6.4,-9999.0,-9.91
2790,32.69,29.74,47.398212,8.503109,434.0,9372400.0,3.25,3.44,3.44,3.44,16.29,57.81,-9999.0,9.72,-9999.0,13.23,16.4,-28.07,-9999.0,-6.28,-9999.0,-9.79
2795,32.54,30.13,47.398354,8.503001,430.2,9372900.0,3.59,3.8,3.8,3.8,16.29,57.81,-9999.0,9.72,-9999.0,13.23,16.25,-27.68,-9999.0,-5.92,-9999.0,-9.43
2800,32.48,31.32,47.398453,8.50286,430.1,9373400.0,3.72,3.94,3.94,3.94,16.29,57.81,-9999.0,9.72,-9999.0,13.23,16.19,-26.49,-9999.0,-5.78,-9999.0,-9.29
2805,32.55,31.7,47.398502,8.502666,432.2,9373900.0,4.01,4.24,4.24,4.24,16.29,57.81,-9999.0,9.72,-9999.0,13.23,16.26,-26.11,-9999.0,-5.48,-9999.0,-8.99
2810,32.64,31.31,47.39856,8.502478,432.8,9374400.0,4.52,4.78,4.78,4.78,16.29,57.81,-9999.0,9.72,-9999.0,13.23,16.35,-26.5,-9999.0,-4.94,-9999.0,-8.45
2815,32.94,31.2,47.398643,8.502295,433.5,9374900.0,4.44,4.69,4.69,4.69,16.29,57.81,-9999.0,9.72,-9999.0,13.23,16.65,-26.61,-9999.0,-5.03,-9999.0,-8.54
2820,33.16,31.18,47.398762,8.502149,432.8,9375400.0,4.44,4.69,4.69,4.69,16.29,57.81,-9999.0,9.72,-9999.0,13.23,16.87,-26.63,-9999.0,-5.03,-9999.0,-8.54
2825,33.39,30.77,47.39888,8.502044,434.1,9375900.0,4.61,4.88,4.88,4.88,16.29,57.81,-9999.0,9.72,-9999.0,13.23,17.1,-27.04,-9999.0,-4.84,-9999.0,-8.35
2830,33.55,30.66,47.398964,8.501886,432.7,9380400.0,4.78,5.06,5.06,5.06,16.29,57.81,-9999.0,9.72,-9999.0,13.23,17.26,-27.15,-9999.0,-4.66,-9999.0,-8.17
2835,33.55,30.57,47.399059,8.50176,432.5,9380900.0,4.72,4.99,4.99,4.99,16.29,57.81,-9999.0,9.72,-9999.0,13.23,17.26,-27.24,-9999.0,-4.73,-9999.0,-8.24
2840,33.63,29.98,47.399166,8.501668,430.8,9381400.0,4.41,4.66,4.66,4.66,16.29,57.81,-9999.0,9.72,-9999.0,13.23,17.34,-27.83,-9999.0,-5.06,-9999.0,-8.57
2845,33.78,29.77,47.399258,8.501691,435.3,9381900.0,4.15,4.38,4.38,4.38,16.29,57.81,-9999.0,9.72,-9999.0,13.23,17.49,-28.04,-9999.0,-5.34,-9999.0,-8.85
2850,33.89,29.47,47.399189,8.50185,441.4,9382400.0,4.01,4.24,4.24,4.24,16.29,57.81,-9999.0,9.72,-9999.0,13.23,17.6,-28.34,-9999.0,-5.48,-9999.0,-8.99
2855,34.13,29.46,47.399204,8.502017,444.2,9382900.0,3.81,4.03,4.03,4.03,16.29,57.81,-9999.0,9.72,-9999.0,13.23,17.84,-28.35,-9999.0,-5.69,-9999.0,-9.2
2860,34.23,29.36,47.399197,8.50222,444.9,9383400.0,3.47,3.67,3.67,3.67,16.29,57.81,-9999.0,9.72,-9999.0,13.23,17.94,-28.45,-9999.0,-6.05,-9999.0,-9.56
2865,33.79,28.89,47.399227,8.502446,447.6,9383900.0,3.48,3.68,3.68,3.68,16.29,57.81,-9999.0,9.72,-9999.0,13.23,17.5,-28.92,-9999.0,-6.04,-9999.0,-9.55
2870,33.45,29.59,47.399296,8.502679,443.3,9384400.0,3.51,3.71,3.71,3.71,16.29,57.81,-9999.0,9.72,-9999.0,13.23,17.16,-28.22,-9999.0,-6.01,-9999.0,-9.52
2875,32.85,30.22,47.399391,8.502871,440.7,9384900.0,3.27,3.46,3.46,3.46,16.29,57.81,-9999.0,9.72,-9999.0,13.23,16.56,-27.59,-9999.0,-6.26,-9999.0,-9.77
2880,32.61,30.23,47.39946,8.50305,439.9,9385400.0,3.22,3.41,3.41,3.41,16.29,57.81,-9999.0,9.72,-9999.0,13.23,16.32,-27.58,-9999.0,-6.31,-9999.0,-9.82
2885,32.09,29.87,47.399384,8.503232,443.9,9385900.0,3.26,3.44,3.44,3.44,16.29,57.81,-9999.0,9.72,-9999.0,13.23,15.8,-27.94,-9999.0,-6.28,-9999.0,-9.79
2890,31.49,30.7,47.399193,8.503589,446.1,9390400.0,3.22,3.4,3.4,3.4,16.29,57.81,-9999.0,9.72,-9999.0,13.23,15.2,-27.11,-9999.0,-6.32,-9999.0,-9.83
2895,30.75,31.02,47.398899,8.503984,444.0,9390900.0,3.37,3.56,3.56,3.56,16.29,57.81,-9999.0,9.72,-9999.0,13.23,14.46,-26.79,-9999.0,-6.16,-9999.0,-9.67
2900,30.07,31.36,47.398575,8.504321,442.3,9391400.0,3.65,3.86,3.86,3.86,16.29,57.81,-9999.0,9.72,-9999.0,13.23,13.78,-26.45,-9999.0,-5.86,-9999.0,-9.37
2905,29.55,31.6,47.39827,8.504626,441.7,9391900.0,4.23,4.47,4.47,4.47,16.29,57.81,-9999.0,9.72,-9999.0,13.23,13.26,-26.21,-9999.0,-5.25,-9999.0,-8.76
2910,29.1,32.42,47.397999,8.504947,441.5,9392400.0,4.45,4.71,4.71,4.71,16.29,57.81,-9999.0,9.72,-9999.0,13.23,12.81,-25.39,-9999.0,-5.01,-9999.0,-8.52
2915,28.79,32.54,47.397766,8.505326,440.8,9392900.0,4.57,4.83,4.83,4.83,16.29,57.81,-9999.0,9.72,-9999.0,13.23,12.5,-25.27,-9999.0,-4.89,-9999.0,-8.4
2920,28.59,33.15,47.397629,8.505666,442.2,9393400.0,4.64,4.91,4.91,4.91,16.29,57.81,-9999.0,9.72,-9999.0,13.23,12.3,-24.66,-9999.0,-4.81,-9999.0,-8.32
2925,28.27,33.54,47.397499,8.506036,447.2,9393900.0,4.53,4.8,4.8,4.8,16.29,57.81,-9999.0,9.72,-9999.0,13.23,11.98,-24.27,-9999.0,-4.92,-9999.0,-8.43
2930,28.15,34.46,47.397324,8.506415,453.9,9394400.0,4.52,4.78,4.78,4.78,16.29,57.81,-9999.0,9.72,-9999.0,13.23,11.86,-23.35,-9999.0,-4.94,-9999.0,-8.45
2935,27.85,35.35,47.397148,8.506842,457.2,9394900.0,4.39,4.64,4.64,4.64,16.29,57.81,-9999.0,9.72,-9999.0,13.23,11.56,-22.46,-9999.0,-5.08,-9999.0,-8.59
2940,27.79,35.25,47.39698,8.507262,459.0,9395400.0,4.37,4.62,4.62,4.62,16.29,57.81,-9999.0,9.72,-9999.0,13.23,11.5,-22.56,-9999.0,-5.1,-9999.0,-8.61
2945,27.78,34.78,47.396767,8.507708,462.4,9395900.0,4.3,4.54,4.54,4.54,16.29,57.81,-9999.0,9.72,-9999.0,13.23,11.49,-23.03,-9999.0,-5.18,-9999.0,-8.69
2950,27.78,34.58,47.396641,8.508153,465.2,9400400.0,4.07,4.3,4.3,4.3,16.29,57.81,-9999.0,9.72,-9999.0,13.23,11.49,-23.23,-9999.0,-5.42,-9999.0,-8.93
2955,27.49,34.58,47.396507,8.508597,468.3,9400900.0,3.99,4.22,4.22,4.22,16.29,57.81,-9999.0,9.72,-9999.0,13.23,11.2,-23.23,-9999.0,-5.5,-9999.0,-9.01
2960,27.5,34.39,47.396336,8.509061,465.4,9401400.0,3.94,4.17,4.17,4.17,16.29,57.81,-9999.0,9.72,-9999.0,13.23,11.21,-23.42,-9999.0,-5.55,-9999.0,-9.06
2965,27.54,34.5,47.396156,8.509538,466.4,9401900.0,4.04,4.27,4.27,4.27,16.29,57.81,-9999.0,9.72,-9999.0,13.23,11.25,-23.31,-9999.0,-5.45,-9999.0,-8.96
2970,27.61,34.89,47.396,8.51001,466.5,9402400.0,4.01,4.24,4.24,4.24,16.29,57.81,-9999.0,9.72,-9999.0,13.23,11.32,-22.92,-9999.0,-5.48,-9999.0,-8.99
2975,27.47,34.99,47.395866,8.510515,472.7,9402900.0,4.08,4.32,4.32,4.32,16.29,57.81,-9999.0,9.72,-9999.0,13.23,11.18,-22.82,-9999.0,-5.4,-9999.0,-8.91
2980,27.6,35.68,47.395874,8.510997,468.2,9403400.0,4.16,4.4,4.4,4.4,16.29,57.81,-9999.0,9.72,-9999.0,13.23,11.31,-22.13,-9999.0,-5.32,-9999.0,-8.83
2985,27.53,35.78,47.395855,8.511509,463.4,9403900.0,4.24,4.48,4.48,4.48,16.29,57.81,-9999.0,9.72,-9999.0,13.23,11.24,-22.03,-9999.0,-5.24,-9999.0,-8.75
2990,27.57,35.98,47.395767,8.51202,470.7,9404400.0,4.19,4.43,4.43,4.43,16.29,57.81,-9999.0,9.72,-9999.0,13.23,11.28,-21.83,-9999.0,-5.29,-9999.0,-8.8
2995,27.35,36.97,47.395638,8.512467,482.6,9404900.0,4.19,4.43,4.43,4.43,16.29,57.81,-9999.0,9.72,-9999.0,13.23,11.06,-20.84,-9999.0,-5.29,-9999.0,-8.8
3000,27.35,36.49,47.395603,8.512872,492.1,9405400.0,4.61,4.87,4.87,4.87,16.29,57.81,-9999.0,9.72,-9999.0,13.23,11.06,-21.32,-9999.0,-4.85,-9999.0,-8.36
3005,27.22,36.19,47.395443,8.513361,488.1,9405900.0,4.87,5.15,5.15,5.15,16.29,57.81,-9999.0,9.72,-9999.0,13.23,10.93,-21.62,-9999.0,-4.57,-9999.0,-8.08
3010,27.19,36.19,47.395279,8.513889,484.9,9410400.0,4.7,4.97,4.97,4.97,16.29,57.81,-9999.0,9.72,-9999.0,13.23,10.9,-21.62,-9999.0,-4.75,-9999.0,-8.26
3015,27.07,36.71,47.395134,8.514466,481.3,9410900.0,4.55,4.81,4.81,4.81,16.29,57.81,-9999.0,9.72,-9999.0,13.23,10.78,-21.1,-9999.0,-4.91,-9999.0,-8.42
3020,27.05,37.38,47.395004,8.515091,479.3,9411400.0,4.62,4.88,4.88,4.88,16.29,57.81,-9999.0,9.72,-9999.0,13.23,10.76,-20.43,-9999.0,-4.84,-9999.0,-8.35
3025,27.15,37.58,47.394955,8.515708,481.1,9411900.0,4.89,5.17,5.17,5.17,16.29,57.81,-9999.0,9.72,-9999.0,13.23,10.86,-20.23,-9999.0,-4.55,-9999.0,-8.06
3030,27.27,38.17,47.394955,8.516256,477.7,9412400.0,4.99,5.28,5.28,5.28,16.29,57.81,-9999.0,9.72,-9999.0,13.23,10.98,-19.64,-9999.0,-4.44,-9999.0,-7.95
3035,27.41,37.98,47.395,8.516719,478.4,9412900.0,4.99,5.28,5.28,5.28,16.29,57.81,-9999.0,9.72,-9999.0,13.23,11.12,-19.83,-9999.0,-4.44,-9999.0,-7.95
3040,27.54,38.06,47.394962,8.517213,476.8,9413400.0,5.02,5.31,5.31,5.31,16.29,57.81,-9999.0,9.72,-9999.0,13.23,11.25,-19.75,-9999.0,-4.41,-9999.0,-7.92
3045,27.54,38.45,47.394855,8.517536,478.9,9413900.0,4.78,5.06,5.06,5.06,16.29,57.81,-9999.0,9.72,-9999.0,13.23,11.25,-19.36,-9999.0,-4.66,-9999.0,-8.17
3050,27.49,38.75,47.39481,8.517751,484.8,9414400.0,4.44,4.7,4.7,4.7,16.29,57.81,-9999.0,9.72,-9999.0,13.23,11.2,-19.06,-9999.0,-5.02,-9999.0,-8.53
3055,27.61,39.14,47.394684,8.518028,496.3,9414900.0,4.5,4.76,4.76,4.76,16.29,57.81,-9999.0,9.72,-9999.0,13.23,11.32,-18.67,-9999.0,-4.96,-9999.0,-8.47
3060,27.85,39.22,47.394627,8.518304,507.4,9415400.0,4.79,5.07,5.07,5.07,16.29,57.81,-9999.0,9.72,-9999.0,13.23,11.56,-18.59,-9999.0,-4.65,-9999.0,-8.16
3065,28.05,37.92,47.39455,8.518582,509.7,9415900.0,5.05,5.34,5.34,5.34,16.29,57.81,-9999.0,9.72,-9999.0,13.23,11.76,-19.89,-9999.0,-4.38,-9999.0,-7.89
3070,28.05,37.62,47.394505,8.518779,503.2,9420400.0,4.96,5.25,5.25,5.25,16.29,57.81,-9999.0,9.72,-9999.0,13.23,11.76,-20.19,-9999.0,-4.47,-9999.0,-7.98
3075,27.98,37.62,47.39447,8.518836,502.6,9420800.0,4.82,5.1,5.1,5.1,16.29,57.81,-9999.0,9.72,-9999.0,13.23,11.69,-20.19,-9999.0,-4.62,-9999.0,-8.13
3080,28.22,37.6,47.39444,8.519003,496.9,9421300.0,4.8,5.08,5.08,5.08,16.29,57.81,-9999.0,9.72,-9999.0,13.23,11.93,-20.21,-9999.0,-4.64,-9999.0,-8.15
3085,28.27,37.41,47.394417,8.519274,489.1,9421800.0,4.93,5.22,5.22,5.22,16.29,57.81,-9999.0,9.72,-9999.0,13.23,11.98,-20.4,-9999.0,-4.5,-9999.0,-8.01
3090,28.3,36.71,47.394249,8.519608,480.5,9422300.0,5.0,5.28,5.28,5.28,16.29,57.81,-9999.0,9.72,-9999.0,13.23,12.01,-21.1,-9999.0,-4.44,-9999.0,-7.95
3095,28.19,37.23,47.394157,8.519908,477.7,9422800.0,4.87,5.15,5.15,5.15,16.29,57.81,-9999.0,9.72,-9999.0,13.23,11.9,-20.58,-9999.0,-4.57,-9999.0,-8.08
3100,28.16,36.91,47.394028,8.520204,477.3,9423300.0,4.62,4.88,4.88,4.88,16.29,57.81,-9999.0,9.72,-9999.0,13.23,11.87,-20.9,-9999.0,-4.84,-9999.0,-8.35
3105,28.19,36.54,47.393932,8.52056,476.5,9423800.0,4.44,4.7,4.7,4.7,16.29,57.81,-9999.0,9.72,-9999.0,13.23,11.9,-21.27,-9999.0,-5.02,-9999.0,-8.53
3110,28.2,36.04,47.393829,8.52092,473.8,9424300.0,4.65,4.92,4.92,4.92,16.29,57.81,-9999.0,9.72,-9999.0,13.23,11.91,-21.77,-9999.0,-4.8,-9999.0,-8.31
3115,28.13,35.83,47.393772,8.521257,472.8,9424800.0,4.76,5.03,5.03,5.03,16.29,57.81,-9999.0,9.72,-9999.0,13.23,11.84,-21.98,-9999.0,-4.69,-9999.0,-8.2
3120,28.05,35.94,47.393818,8.521404,472.0,9425300.0,4.79,5.07,5.07,5.07,16.29,57.81,-9999.0,9.72,-9999.0,13.23,11.76,-21.87,-9999.0,-4.65,-9999.0,-8.16
3125,27.91,36.24,47.393906,8.521502,469.5,9425800.0,4.5,4.76,4.76,4.76,16.29,57.81,-9999.0,9.72,-9999.0,13.23,11.62,-21.57,-9999.0,-4.96,-9999.0,-8.47
3130,27.7,36.24,47.393993,8.521542,472.5,9430300.0,4.37,4.63,4.63,4.63,16.29,57.81,-9999.0,9.72,-9999.0,13.23,11.41,-21.57,-9999.0,-5.09,-9999.0,-8.6
3135,27.49,36.57,47.39418,8.521684,470.4,9430800.0,4.54,4.8,4.8,4.8,16.29,57.81,-9999.0,9.72,-9999.0,13.23,11.2,-21.24,-9999.0,-4.92,-9999.0,-8.43
3140,27.45,36.47,47.394264,8.521819,468.6,9431300.0,4.76,5.04,5.04,5.04,16.29,57.81,-9999.0,9.72,-9999.0,13.23,11.16,-21.34,-9999.0,-4.68,-9999.0,-8.19
3145,27.58,36.65,47.394272,8.521987,465.9,9431800.0,5.07,5.37,5.37,5.37,16.29,57.81,-9999.0,9.72,-9999.0,13.23,11.29,-21.16,-9999.0,-4.35,-9999.0,-7.86
3150,27.82,36.75,47.394279,8.52216,463.8,9432300.0,5.19,5.49,5.49,5.49,16.29,57.81,-9999.0,9.72,-9999.0,13.23,11.53,-21.06,-9999.0,-4.23,-9999.0,-7.74
3155,27.82,36.63,47.394279,8.522368,463.9,9432800.0,5.17,5.47,5.47,5.47,16.29,57.81,-9999.0,9.72,-9999.0,13.23,11.53,-21.18,-9999.0,-4.25,-9999.0,-7.76
3160,28.24,36.34,47.394249,8.522641,466.3,9433300.0,5.32,5.62,5.62,5.62,16.29,57.81,-9999.0,9.72,-9999.0,13.23,11.95,-21.47,-9999.0,-4.1,-9999.0,-7.61
3165,28.0,36.44,47.394192,8.522918,464.3,9433800.0,5.21,5.51,5.51,5.51,16.29,57.81,-9999.0,9.72,-9999.0,13.23,11.71,-21.37,-9999.0,-4.21,-9999.0,-7.72
3170,27.98,36.52,47.394249,8.523039,460.6,9434300.0,5.0,5.29,5.29,5.29,16.29,57.81,-9999.0,9.72,-9999.0,13.23,11.69,-21.29,-9999.0,-4.43,-9999.0,-7.94
3175,28.0,36.54,47.394363,8.523164,458.0,9434800.0,4.73,5.0,5.0,5.0,16.29,57.81,-9999.0,9.72,-9999.0,13.23,11.71,-21.27,-9999.0,-4.72,-9999.0,-8.23
3180,27.83,36.65,47.394516,8.523285,456.7,9435300.0,4.53,4.8,4.8,4.8,16.29,57.81,-9999.0,9.72,-9999.0,13.23,11.54,-21.16,-9999.0,-4.92,-9999.0,-8.43
3185,27.47,37.56,47.394642,8.523382,455.8,9435800.0,4.62,4.88,4.88,4.88,16.29,57.81,-9999.0,9.72,-9999.0,13.23,11.18,-20.25,-9999.0,-4.84,-9999.0,-8.35
3190,27.45,38.55,47.394672,8.523596,454.4,9440300.0,4.79,5.07,5.07,5.07,16.29,57.81,-9999.0,9.72,-9999.0,13.23,11.16,-19.26,-9999.0,-4.65,-9999.0,-8.16
3195,27.22,38.47,47.394718,8.523897,453.2,9440800.0,4.76,5.03,5.03,5.03,16.29,57.81,-9999.0,9.72,-9999.0,13.23,10.93,-19.34,-9999.0,-4.69,-9999.0,-8.2
3200,27.08,37.79,47.394821,8.524195,450.7,9441300.0,4.82,5.1,5.1,5.1,16.29,57.81,-9999.0,9.72,-9999.0,13.23,10.79,-20.02,-9999.0,-4.62,-9999.0,-8.13
3205,27.17,37.49,47.394726,8.52439,451.2,9441800.0,4.77,5.04,5.04,5.04,16.29,57.81,-9999.0,9.72,-9999.0,13.23,10.88,-20.32,-9999.0,-4.68,-9999.0,-8.19
3210,27.12,37.3,47.394554,8.524579,454.6,9442300.0,4.8,5.07,5.07,5.07,16.29,57.81,-9999.0,9.72,-9999.0,13.23,10.83,-20.51,-9999.0,-4.65,-9999.0,-8.16
3215,27.17,37.3,47.394348,8.52483,452.5,9442800.0,4.84,5.11,5.11,5.11,16.29,57.81,-9999.0,9.72,-9999.0,13.23,10.88,-20.51,-9999.0,-4.61,-9999.0,-8.12
3220,27.25,37.18,47.394165,8.525184,450.9,9443300.0,5.02,5.31,5.31,5.31,16.29,57.81,-9999.0,9.72,-9999.0,13.23,10.96,-20.63,-9999.0,-4.41,-9999.0,-7.92
3225,27.44,36.67,47.394062,8.525598,450.1,9443800.0,5.11,5.41,5.41,5.41,16.29,57.81,-9999.0,9.72,-9999.0,13.23,11.15,-21.14,-9999.0,-4.31,-9999.0,-7.82
3230,27.44,36.37,47.39402,8.526056,452.4,9444300.0,5.16,5.46,5.46,5.46,16.29,57.81,-9999.0,9.72,-9999.0,13.23,11.15,-21.44,-9999.0,-4.26,-9999.0,-7.77
3235,27.32,36.98,47.394138,8.526497,452.6,9444800.0,5.25,5.56,5.56,5.56,16.29,57.81,-9999.0,9.72,-9999.0,13.23,11.03,-20.83,-9999.0,-4.16,-9999.0,-7.67
3240,27.04,36.49,47.394234,8.526827,456.1,9445300.0,5.25,5.55,5.55,5.55,16.29,57.81,-9999.0,9.72,-9999.0,13.23,10.75,-21.32,-9999.0,-4.17,-9999.0,-7.68
3245,27.13,36.29,47.394157,8.527219,465.3,9445800.0,5.13,5.43,5.43,5.43,16.29,57.81,-9999.0,9.72,-9999.0,13.23,10.84,-21.52,-9999.0,-4.29,-9999.0,-7.8
3250,26.85,36.21,47.394054,8.527525,473.0,9450300.0,4.89,5.17,5.17,5.17,16.29,57.81,-9999.0,9.72,-9999.0,13.23,10.56,-21.6,-9999.0,-4.55,-9999.0,-8.06
3255,26.56,36.54,47.39394,8.52791,477.2,9450800.0,5.02,5.31,5.31,5.31,16.29,57.81,-9999.0,9.72,-9999.0,13.23,10.27,-21.27,-9999.0,-4.41,-9999.0,-7.92
3260,26.3,37.05,47.393803,8.528274,482.7,9451300.0,5.07,5.36,5.36,5.36,16.29,57.81,-9999.0,9.72,-9999.0,13.23,10.01,-20.76,-9999.0,-4.36,-9999.0,-7.87
3265,26.12,37.57,47.393719,8.528666,486.1,9451800.0,5.13,5.42,5.42,5.42,16.29,57.81,-9999.0,9.72,-9999.0,13.23,9.83,-20.24,-9999.0,-4.3,-9999.0,-7.81
3270,26.07,37.96,47.393642,8.528982,489.8,9452300.0,5.39,5.7,5.7,5.7,16.29,57.81,-9999.0,9.72,-9999.0,13.23,9.78,-19.85,-9999.0,-4.02,-9999.0,-7.53
3275,26.46,38.15,47.393524,8.529209,487.4,9452800.0,5.37,5.68,5.68,5.68,16.29,57.81,-9999.0,9.72,-9999.0,13.23,10.17,-19.66,-9999.0,-4.04,-9999.0,-7.55
3280,26.8,38.31,47.393444,8.529408,488.2,9453300.0,5.18,5.47,5.47,5.47,16.29,57.81,-9999.0,9.72,-9999.0,13.23,10.51,-19.5,-9999.0,-4.25,-9999.0,-7.76
3285,27.03,37.77,47.393414,8.529654,481.3,9453800.0,4.94,5.22,5.22,5.22,16.29,57.81,-9999.0,9.72,-9999.0,13.23,10.74,-20.04,-9999.0,-4.5,-9999.0,-8.01
3290,27.34,37.28,47.393276,8.529898,477.5,9454300.0,4.68,4.95,4.95,4.95,16.29,57.81,-9999.0,9.72,-9999.0,13.23,11.05,-20.53,-9999.0,-4.77,-9999.0,-8.28
3295,27.41,37.08,47.393181,8.530265,478.2,9454800.0,4.48,4.73,4.73,4.73,16.29,57.81,-9999.0,9.72,-9999.0,13.23,11.12,-20.73,-9999.0,-4.99,-9999.0,-8.5
3300,27.53,36.77,47.393124,8.530667,481.0,9455300.0,4.52,4.78,4.78,4.78,16.29,57.81,-9999.0,9.72,-9999.0,13.23,11.24,-21.04,-9999.0,-4.94,-9999.0,-8.45
3305,27.61,36.46,47.393047,8.53105,485.4,9455800.0,4.66,4.93,4.93,4.93,16.29,57.81,-9999.0,9.72,-9999.0,13.23,11.32,-21.35,-9999.0,-4.79,-9999.0,-8.3
3310,27.75,36.46,47.392975,8.53143,491.8,9460300.0,4.67,4.94,4.94,4.94,16.29,57.81,-9999.0,9.72,-9999.0,13.23,11.46,-21.35,-9999.0,-4.78,-9999.0,-8.29
3315,27.94,36.55,47.39291,8.531787,499.8,9460800.0,4.67,4.93,4.93,4.93,16.29,57.81,-9999.0,9.72,-9999.0,13.23,11.65,-21.26,-9999.0,-4.79,-9999.0,-8.3
3320,27.95,36.34,47.392773,8.532126,505.0,9461300.0,4.77,5.04,5.04,5.04,16.29,57.81,-9999.0,9.72,-9999.0,13.23,11.66,-21.47,-9999.0,-4.68,-9999.0,-8.19
3325,28.05,36.02,47.39262,8.532419,507.3,9461800.0,5.07,5.36,5.36,5.36,16.29,57.81,-9999.0,9.72,-9999.0,13.23,11.76,-21.79,-9999.0,-4.36,-9999.0,-7.87
3330,27.73,36.25,47.392487,8.532482,505.0,9462300.0,5.16,5.46,5.46,5.46,16.29,57.81,-9999.0,9.72,-9999.0,13.23,11.44,-21.56,-9999.0,-4.26,-9999.0,-7.77
3335,27.58,36.57,47.392338,8.532219,500.6,9462800.0,4.98,5.27,5.27,5.27,16.29,57.81,-9999.0,9.72,-9999.0,13.23,11.29,-21.24,-9999.0,-4.45,-9999.0,-7.96
3340,27.27,36.98,47.392246,8.532039,493.5,9463300.0,5.01,5.3,5.3,5.3,16.29,57.81,-9999.0,9.72,-9999.0,13.23,10.98,-20.83,-9999.0,-4.42,-9999.0,-7.93
3345,27.6,38.04,47.392223,8.532044,489.8,9463800.0,4.78,5.06,5.06,5.06,16.29,57.81,-9999.0,9.72,-9999.0,13.23,11.31,-19.77,-9999.0,-4.66,-9999.0,-8.17
3350,27.83,38.31,47.3922,8.532047,488.3,9464300.0,4.47,4.72,4.72,4.72,16.29,57.81,-9999.0,9.72,-9999.0,13.23,11.54,-19.5,-9999.0,-5.000000000000001,-9999.0,-8.51
3355,28.09,38.02,47.392159,8.532056,487.0,9464800.0,4.18,4.42,4.42,4.42,16.29,57.81,-9999.0,9.72,-9999.0,13.23,11.8,-19.79,-9999.0,-5.3,-9999.0,-8.81
3360,28.24,38.49,47.392117,8.532088,486.2,9465300.0,4.12,4.36,4.36,4.36,16.29,57.81,-9999.0,9.72,-9999.0,13.23,11.95,-19.32,-9999.0,-5.36,-9999.0,-8.87
3365,28.47,39.26,47.392059,8.532191,485.2,9465800.0,4.1,4.34,4.34,4.34,16.29,57.81,-9999.0,9.72,-9999.0,13.23,12.18,-18.55,-9999.0,-5.38,-9999.0,-8.89
3370,28.66,39.36,47.392014,8.532284,485.7,9470300.0,4.32,4.57,4.57,4.57,16.29,57.81,-9999.0,9.72,-9999.0,13.23,12.37,-18.45,-9999.0,-5.15,-9999.0,-8.66
3375,28.53,39.06,47.39201,8.532361,488.2,9470800.0,4.45,4.71,4.71,4.71,16.29,57.81,-9999.0,9.72,-9999.0,13.23,12.24,-18.75,-9999.0,-5.01,-9999.0,-8.52
3380,28.37,38.57,47.392021,8.532413,488.8,9471300.0,4.65,4.92,4.92,4.92,16.29,57.81,-9999.0,9.72,-9999.0,13.23,12.08,-19.24,-9999.0,-4.8,-9999.0,-8.31
3385,28.22,38.0,47.391937,8.532433,489.9,9471800.0,4.91,5.19,5.19,5.19,16.29,57.81,-9999.0,9.72,-9999.0,13.23,11.93,-19.81,-9999.0,-4.53,-9999.0,-8.04
3390,27.94,38.41,47.391983,8.532394,490.3,9472300.0,4.93,5.22,5.22,5.22,16.29,57.81,-9999.0,9.72,-9999.0,13.23,11.65,-19.4,-9999.0,-4.5,-9999.0,-8.01
3395,27.87,39.0,47.392014,8.532418,491.4,9472800.0,4.74,5.01,5.01,5.01,16.29,57.81,-9999.0,9.72,-9999.0,13.23,11.58,-18.81,-9999.0,-4.71,-9999.0,-8.22
3400,27.61,39.12,47.391983,8.532542,491.9,9473300.0,4.82,5.09,5.09,5.09,16.29,57.81,-9999.0,9.72,-9999.0,13.23,11.32,-18.69,-9999.0,-4.63,-9999.0,-8.14
3405,27.57,39.64,47.39193,8.532586,491.2,9473800.0,4.71,4.98,4.98,4.98,16.29,57.81,-9999.0,9.72,-9999.0,13.23,11.28,-18.17,-9999.0,-4.74,-9999.0,-8.25
3410,27.44,39.46,47.391926,8.532611,492.0,9474300.0,4.6,4.86,4.86,4.86,16.29,57.81,-9999.0,9.72,-9999.0,13.23,11.15,-18.35,-9999.0,-4.86,-9999.0,-8.37
3415,27.26,39.36,47.391926,8.532611,492.0,9474800.0,4.91,5.19,5.19,5.19,16.29,57.81,-9999.0,9.72,-9999.0,13.23,10.97,-18.45,-9999.0,-4.53,-9999.0,-8.04
3420,27.03,39.77,47.391926,8.532611,492.0,9475300.0,4.95,5.24,5.24,5.24,16.29,57.81,-9999.0,9.72,-9999.0,13.23,10.74,-18.04,-9999.0,-4.48,-9999.0,-7.99
3425,26.82,39.5,47.391926,8.532611,492.0,9475800.0,4.94,5.23,5.23,5.23,16.29,57.81,-9999.0,9.72,-9999.0,13.23,10.53,-18.31,-9999.0,-4.49,-9999.0,-8.0
3430,26.85,40.09,47.391819,8.532411,473.6,9480300.0,4.99,5.28,5.28,5.28,16.29,57.81,-9999.0,9.72,-9999.0,13.23,10.56,-17.72,-9999.0,-4.44,-9999.0,-7.95
3435,26.53,39.59,47.391922,8.532421,469.3,9480800.0,5.03,5.32,5.32,5.32,16.29,57.81,-9999.0,9.72,-9999.0,13.23,10.24,-18.22,-9999.0,-4.4,-9999.0,-7.91
3440,26.57,40.2,47.392006,8.532365,468.1,9481300.0,5.04,5.32,5.32,5.32,16.29,57.81,-9999.0,9.72,-9999.0,13.23,10.28,-17.61,-9999.0,-4.4,-9999.0,-7.91
3445,26.46,40.31,47.392105,8.532332,466.8,9481800.0,4.91,5.19,5.19,5.19,16.29,57.81,-9999.0,9.72,-9999.0,13.23,10.17,-17.5,-9999.0,-4.53,-9999.0,-8.04
3450,26.28,41.71,47.392075,8.532355,464.9,9482300.0,4.98,5.27,5.27,5.27,16.29,57.81,-9999.0,9.72,-9999.0,13.23,9.99,-16.1,-9999.0,-4.45,-9999.0,-7.96
3455,26.1,41.71,47.392235,8.532313,470.4,9482800.0,4.97,5.25,5.25,5.25,16.29,57.81,-9999.0,9.72,-9999.0,13.23,9.81,-16.1,-9999.0,-4.47,-9999.0,-7.98
3460,26.27,42.5,47.3922,8.532265,457.2,9483300.0,5.03,5.31,5.31,5.31,16.29,57.81,-9999.0,9.72,-9999.0,13.23,9.98,-15.31,-9999.0,-4.41,-9999.0,-7.92
3465,26.03,42.23,47.392166,8.532229,446.4,9483800.0,5.16,5.46,5.46,5.46,16.29,57.81,-9999.0,9.72,-9999.0,13.23,9.74,-15.58,-9999.0,-4.26,-9999.0,-7.77
3470,26.0,43.62,47.392139,8.532176,442.5,9484300.0,5.21,5.51,5.51,5.51,16.29,57.81,-9999.0,9.72,-9999.0,13.23,9.71,-14.19,-9999.0,-4.21,-9999.0,-7.72
